"# Figure 6a source data (v4, high-quality subset: incidence 35-75 deg, pixel scale <= 1.0 m, non-summed, detection confidence >= 0.5713289; n = 456253). Rows with |lat| >= 66 deg use relaxed cell thresholds (flag ok_sparse_polar)."
# Sheet 1: per grid cell.
grid_lat_center,grid_lon_center,P_raw,ci_low,ci_high,P_smoothed,n_events,n_images,quality_flag,regime_class
-87.0,-177.0,,,,,0,0,too_few_events,Insufficient data
-87.0,-171.0,,,,,0,0,too_few_events,Insufficient data
-87.0,-165.0,,,,,0,0,too_few_events,Insufficient data
-87.0,-159.0,,,,,0,0,too_few_events,Insufficient data
-87.0,-153.0,,,,,0,0,too_few_events,Insufficient data
-87.0,-147.0,,,,,0,0,too_few_events,Insufficient data
-87.0,-141.0,,,,,0,0,too_few_events,Insufficient data
-87.0,-135.0,,,,,0,0,too_few_events,Insufficient data
-87.0,-129.0,,,,,0,0,too_few_events,Insufficient data
-87.0,-123.0,,,,,0,0,too_few_events,Insufficient data
-87.0,-117.0,,,,,0,0,too_few_events,Insufficient data
-87.0,-111.0,,,,,0,0,too_few_events,Insufficient data
-87.0,-105.0,,,,,0,0,too_few_events,Insufficient data
-87.0,-99.0,,,,,0,0,too_few_events,Insufficient data
-87.0,-93.0,,,,,0,0,too_few_events,Insufficient data
-87.0,-87.0,,,,,0,0,too_few_events,Insufficient data
-87.0,-81.0,,,,,0,0,too_few_events,Insufficient data
-87.0,-75.0,,,,,0,0,too_few_events,Insufficient data
-87.0,-69.0,,,,,0,0,too_few_events,Insufficient data
-87.0,-63.0,,,,,0,0,too_few_events,Insufficient data
-87.0,-57.0,,,,,0,0,too_few_events,Insufficient data
-87.0,-51.0,,,,,0,0,too_few_events,Insufficient data
-87.0,-45.0,,,,,0,0,too_few_events,Insufficient data
-87.0,-39.0,,,,,0,0,too_few_events,Insufficient data
-87.0,-33.0,,,,,0,0,too_few_events,Insufficient data
-87.0,-27.0,,,,,0,0,too_few_events,Insufficient data
-87.0,-21.0,,,,,0,0,too_few_events,Insufficient data
-87.0,-15.0,,,,,0,0,too_few_events,Insufficient data
-87.0,-9.0,,,,,0,0,too_few_events,Insufficient data
-87.0,-3.0,,,,,0,0,too_few_events,Insufficient data
-87.0,3.0,,,,,0,0,too_few_events,Insufficient data
-87.0,9.0,,,,,0,0,too_few_events,Insufficient data
-87.0,15.0,,,,,0,0,too_few_events,Insufficient data
-87.0,21.0,,,,,0,0,too_few_events,Insufficient data
-87.0,27.0,,,,,0,0,too_few_events,Insufficient data
-87.0,33.0,,,,,0,0,too_few_events,Insufficient data
-87.0,39.0,,,,,0,0,too_few_events,Insufficient data
-87.0,45.0,,,,,0,0,too_few_events,Insufficient data
-87.0,51.0,,,,,0,0,too_few_events,Insufficient data
-87.0,57.0,,,,,0,0,too_few_events,Insufficient data
-87.0,63.0,,,,,0,0,too_few_events,Insufficient data
-87.0,69.0,,,,,0,0,too_few_events,Insufficient data
-87.0,75.0,,,,,0,0,too_few_events,Insufficient data
-87.0,81.0,,,,,0,0,too_few_events,Insufficient data
-87.0,87.0,,,,,0,0,too_few_events,Insufficient data
-87.0,93.0,,,,,0,0,too_few_events,Insufficient data
-87.0,99.0,,,,,0,0,too_few_events,Insufficient data
-87.0,105.0,,,,,0,0,too_few_events,Insufficient data
-87.0,111.0,,,,,0,0,too_few_events,Insufficient data
-87.0,117.0,,,,,0,0,too_few_events,Insufficient data
-87.0,123.0,,,,,0,0,too_few_events,Insufficient data
-87.0,129.0,,,,,0,0,too_few_events,Insufficient data
-87.0,135.0,,,,,0,0,too_few_events,Insufficient data
-87.0,141.0,,,,,0,0,too_few_events,Insufficient data
-87.0,147.0,,,,,0,0,too_few_events,Insufficient data
-87.0,153.0,,,,,0,0,too_few_events,Insufficient data
-87.0,159.0,,,,,0,0,too_few_events,Insufficient data
-87.0,165.0,,,,,0,0,too_few_events,Insufficient data
-87.0,171.0,,,,,0,0,too_few_events,Insufficient data
-87.0,177.0,,,,,0,0,too_few_events,Insufficient data
-81.0,-177.0,,,,,0,0,too_few_events,Insufficient data
-81.0,-171.0,,,,,0,0,too_few_events,Insufficient data
-81.0,-165.0,,,,,0,0,too_few_events,Insufficient data
-81.0,-159.0,,,,,0,0,too_few_events,Insufficient data
-81.0,-153.0,,,,,0,0,too_few_events,Insufficient data
-81.0,-147.0,,,,,0,0,too_few_events,Insufficient data
-81.0,-141.0,,,,,0,0,too_few_events,Insufficient data
-81.0,-135.0,,,,,0,0,too_few_events,Insufficient data
-81.0,-129.0,,,,,0,0,too_few_events,Insufficient data
-81.0,-123.0,,,,,0,0,too_few_events,Insufficient data
-81.0,-117.0,,,,,0,0,too_few_events,Insufficient data
-81.0,-111.0,,,,,0,0,too_few_events,Insufficient data
-81.0,-105.0,,,,,0,0,too_few_events,Insufficient data
-81.0,-99.0,,,,,0,0,too_few_events,Insufficient data
-81.0,-93.0,,,,,0,0,too_few_events,Insufficient data
-81.0,-87.0,,,,,0,0,too_few_events,Insufficient data
-81.0,-81.0,,,,,0,0,too_few_events,Insufficient data
-81.0,-75.0,,,,,0,0,too_few_events,Insufficient data
-81.0,-69.0,,,,,0,0,too_few_events,Insufficient data
-81.0,-63.0,,,,,0,0,too_few_events,Insufficient data
-81.0,-57.0,,,,,0,0,too_few_events,Insufficient data
-81.0,-51.0,,,,,0,0,too_few_events,Insufficient data
-81.0,-45.0,,,,,0,0,too_few_events,Insufficient data
-81.0,-39.0,,,,,0,0,too_few_events,Insufficient data
-81.0,-33.0,,,,,0,0,too_few_events,Insufficient data
-81.0,-27.0,,,,,0,0,too_few_events,Insufficient data
-81.0,-21.0,,,,,0,0,too_few_events,Insufficient data
-81.0,-15.0,,,,,0,0,too_few_events,Insufficient data
-81.0,-9.0,,,,,0,0,too_few_events,Insufficient data
-81.0,-3.0,,,,,0,0,too_few_events,Insufficient data
-81.0,3.0,,,,,0,0,too_few_events,Insufficient data
-81.0,9.0,,,,,0,0,too_few_events,Insufficient data
-81.0,15.0,,,,,0,0,too_few_events,Insufficient data
-81.0,21.0,,,,,0,0,too_few_events,Insufficient data
-81.0,27.0,,,,,0,0,too_few_events,Insufficient data
-81.0,33.0,,,,,0,0,too_few_events,Insufficient data
-81.0,39.0,,,,,0,0,too_few_events,Insufficient data
-81.0,45.0,,,,,0,0,too_few_events,Insufficient data
-81.0,51.0,,,,,0,0,too_few_events,Insufficient data
-81.0,57.0,,,,,0,0,too_few_events,Insufficient data
-81.0,63.0,,,,,0,0,too_few_events,Insufficient data
-81.0,69.0,,,,,0,0,too_few_events,Insufficient data
-81.0,75.0,,,,,0,0,too_few_events,Insufficient data
-81.0,81.0,,,,,0,0,too_few_events,Insufficient data
-81.0,87.0,,,,,0,0,too_few_events,Insufficient data
-81.0,93.0,,,,,0,0,too_few_events,Insufficient data
-81.0,99.0,,,,,0,0,too_few_events,Insufficient data
-81.0,105.0,,,,,0,0,too_few_events,Insufficient data
-81.0,111.0,,,,,0,0,too_few_events,Insufficient data
-81.0,117.0,,,,,0,0,too_few_events,Insufficient data
-81.0,123.0,,,,,0,0,too_few_events,Insufficient data
-81.0,129.0,,,,,0,0,too_few_events,Insufficient data
-81.0,135.0,,,,,0,0,too_few_events,Insufficient data
-81.0,141.0,,,,,0,0,too_few_events,Insufficient data
-81.0,147.0,,,,,0,0,too_few_events,Insufficient data
-81.0,153.0,,,,,0,0,too_few_events,Insufficient data
-81.0,159.0,,,,,0,0,too_few_events,Insufficient data
-81.0,165.0,,,,,0,0,too_few_events,Insufficient data
-81.0,171.0,,,,,0,0,too_few_events,Insufficient data
-81.0,177.0,,,,,0,0,too_few_events,Insufficient data
-75.0,-177.0,,,,,0,0,too_few_events,Insufficient data
-75.0,-171.0,,,,,0,0,too_few_events,Insufficient data
-75.0,-165.0,,,,,0,0,too_few_events,Insufficient data
-75.0,-159.0,,,,,0,0,too_few_events,Insufficient data
-75.0,-153.0,,,,,0,0,too_few_events,Insufficient data
-75.0,-147.0,,,,,0,0,too_few_events,Insufficient data
-75.0,-141.0,,,,,0,0,too_few_events,Insufficient data
-75.0,-135.0,,,,,75,2,polar_imaging_limited,Insufficient data
-75.0,-129.0,,,,,0,0,too_few_events,Insufficient data
-75.0,-123.0,,,,,0,0,too_few_events,Insufficient data
-75.0,-117.0,,,,,0,0,too_few_events,Insufficient data
-75.0,-111.0,,,,,0,0,too_few_events,Insufficient data
-75.0,-105.0,,,,,0,0,too_few_events,Insufficient data
-75.0,-99.0,,,,,3,2,too_few_events,Insufficient data
-75.0,-93.0,,,,,0,0,too_few_events,Insufficient data
-75.0,-87.0,,,,,0,0,too_few_events,Insufficient data
-75.0,-81.0,,,,,0,0,too_few_events,Insufficient data
-75.0,-75.0,,,,,0,0,too_few_events,Insufficient data
-75.0,-69.0,,,,,1,1,too_few_events,Insufficient data
-75.0,-63.0,,,,,0,0,too_few_events,Insufficient data
-75.0,-57.0,,,,,0,0,too_few_events,Insufficient data
-75.0,-51.0,,,,,0,0,too_few_events,Insufficient data
-75.0,-45.0,,,,,0,0,too_few_events,Insufficient data
-75.0,-39.0,,,,,0,0,too_few_events,Insufficient data
-75.0,-33.0,-0.1055,-0.4589,-0.0239,,16,2,ok_sparse_polar,Equatorward-dominant
-75.0,-27.0,,,,,1,1,too_few_events,Insufficient data
-75.0,-21.0,,,,,0,0,too_few_events,Insufficient data
-75.0,-15.0,,,,,0,0,too_few_events,Insufficient data
-75.0,-9.0,,,,,0,0,too_few_events,Insufficient data
-75.0,-3.0,,,,,4,1,too_few_events,Insufficient data
-75.0,3.0,,,,,0,0,too_few_events,Insufficient data
-75.0,9.0,,,,,7,2,polar_imaging_limited,Insufficient data
-75.0,15.0,,,,,0,0,too_few_events,Insufficient data
-75.0,21.0,,,,,0,0,too_few_events,Insufficient data
-75.0,27.0,,,,,4,3,too_few_events,Insufficient data
-75.0,33.0,,,,,0,0,too_few_events,Insufficient data
-75.0,39.0,,,,,0,0,too_few_events,Insufficient data
-75.0,45.0,,,,,0,0,too_few_events,Insufficient data
-75.0,51.0,,,,,20,1,polar_imaging_limited,Insufficient data
-75.0,57.0,,,,,0,0,too_few_events,Insufficient data
-75.0,63.0,,,,,0,0,too_few_events,Insufficient data
-75.0,69.0,,,,,0,0,too_few_events,Insufficient data
-75.0,75.0,,,,,0,0,too_few_events,Insufficient data
-75.0,81.0,,,,,0,0,too_few_events,Insufficient data
-75.0,87.0,,,,,0,0,too_few_events,Insufficient data
-75.0,93.0,-0.5608,-0.6772,-0.3601,,11,6,ok_sparse_polar,Equatorward-dominant
-75.0,99.0,,,,,0,0,too_few_events,Insufficient data
-75.0,105.0,,,,,0,0,too_few_events,Insufficient data
-75.0,111.0,,,,,0,0,too_few_events,Insufficient data
-75.0,117.0,,,,,0,0,too_few_events,Insufficient data
-75.0,123.0,-0.386,-0.5463,0.1108,-0.3223,16,4,ok_sparse_polar,No resolved directional preference
-75.0,129.0,-0.452,-0.5395,-0.299,-0.3163,22,7,ok_sparse_polar,Equatorward-dominant
-75.0,135.0,-0.3577,-0.7212,-0.1176,-0.3091,7,4,ok_sparse_polar,Equatorward-dominant
-75.0,141.0,-0.2733,-0.6406,-0.1619,-0.3009,45,7,ok_sparse_polar,Equatorward-dominant
-75.0,147.0,,,,,8,3,polar_imaging_limited,Insufficient data
-75.0,153.0,,,,,0,0,too_few_events,Insufficient data
-75.0,159.0,,,,,0,0,too_few_events,Insufficient data
-75.0,165.0,,,,,0,0,too_few_events,Insufficient data
-75.0,171.0,,,,,2,1,too_few_events,Insufficient data
-75.0,177.0,,,,,1,1,too_few_events,Insufficient data
-69.0,-177.0,0.0544,-0.0842,0.1726,-0.0665,890,68,ok_sparse_polar,No resolved directional preference
-69.0,-171.0,-0.0781,-0.2504,0.109,-0.0643,1143,76,ok_sparse_polar,No resolved directional preference
-69.0,-165.0,-0.0423,-0.1622,0.1295,-0.0715,897,27,ok_sparse_polar,No resolved directional preference
-69.0,-159.0,-0.1936,-0.327,-0.0585,-0.0816,69,30,ok_sparse_polar,Equatorward-dominant
-69.0,-153.0,0.0158,-0.2324,0.1934,-0.0883,78,26,ok_sparse_polar,No resolved directional preference
-69.0,-147.0,-0.3721,-0.4918,-0.2229,-0.0897,31,18,ok_sparse_polar,Equatorward-dominant
-69.0,-141.0,0.0981,-0.0116,0.1858,-0.0881,96,12,ok_sparse_polar,No resolved directional preference
-69.0,-135.0,-0.0918,-0.186,0.0191,-0.0865,282,31,ok_sparse_polar,No resolved directional preference
-69.0,-129.0,-0.1621,-0.3375,0.184,-0.0863,34,12,ok_sparse_polar,No resolved directional preference
-69.0,-123.0,-0.143,-0.2941,0.0047,-0.0865,474,38,ok_sparse_polar,No resolved directional preference
-69.0,-117.0,-0.0747,-0.1509,0.0541,-0.0877,137,28,ok_sparse_polar,No resolved directional preference
-69.0,-111.0,-0.1063,-0.5461,0.2397,-0.0931,18,11,ok_sparse_polar,No resolved directional preference
-69.0,-105.0,-0.0671,-0.2488,0.1462,-0.1057,206,19,ok_sparse_polar,No resolved directional preference
-69.0,-99.0,-0.1709,-0.325,-0.0069,-0.1251,61,20,ok_sparse_polar,Equatorward-dominant
-69.0,-93.0,-0.2873,-0.3826,-0.188,-0.1472,618,63,ok_sparse_polar,Equatorward-dominant
-69.0,-87.0,-0.3674,-0.5213,-0.204,-0.1674,182,48,ok_sparse_polar,Equatorward-dominant
-69.0,-81.0,-0.1949,-0.3401,0.0837,-0.1827,21,8,ok_sparse_polar,No resolved directional preference
-69.0,-75.0,,,,,9,4,too_few_events,Insufficient data
-69.0,-69.0,-0.2429,-0.4704,0.199,-0.1907,18,6,ok_sparse_polar,No resolved directional preference
-69.0,-63.0,-0.324,-0.5012,-0.0324,-0.1778,114,15,ok_sparse_polar,Equatorward-dominant
-69.0,-57.0,-0.4367,-0.5738,-0.3128,-0.152,37,18,ok_sparse_polar,Equatorward-dominant
-69.0,-51.0,0.06,-0.3092,0.3034,-0.1151,39,16,ok_sparse_polar,No resolved directional preference
-69.0,-45.0,-0.1197,-0.273,0.0465,-0.0702,32,20,ok_sparse_polar,No resolved directional preference
-69.0,-39.0,0.0118,-0.245,0.3198,-0.0229,58,21,ok_sparse_polar,No resolved directional preference
-69.0,-33.0,,,,,6,5,too_few_events,Insufficient data
-69.0,-27.0,0.1453,-0.1329,0.3374,0.0335,34,10,ok_sparse_polar,No resolved directional preference
-69.0,-21.0,0.1142,-0.3224,0.3803,0.0259,37,9,ok_sparse_polar,No resolved directional preference
-69.0,-15.0,0.2341,-0.3058,0.4829,0.0007,55,14,ok_sparse_polar,No resolved directional preference
-69.0,-9.0,-0.3693,-0.4716,-0.2381,-0.0274,361,29,ok_sparse_polar,Equatorward-dominant
-69.0,-3.0,-0.2775,-0.426,-0.0702,-0.0486,265,37,ok_sparse_polar,Equatorward-dominant
-69.0,3.0,0.1934,0.0376,0.2938,-0.0634,41,10,ok_sparse_polar,Poleward-dominant
-69.0,9.0,-0.037,-0.3915,0.2852,-0.0823,15,12,ok_sparse_polar,No resolved directional preference
-69.0,15.0,,,,,9,4,too_few_events,Insufficient data
-69.0,21.0,,,,,9,9,too_few_events,Insufficient data
-69.0,27.0,-0.5377,-0.7758,-0.1493,-0.204,18,12,ok_sparse_polar,Equatorward-dominant
-69.0,33.0,-0.3683,-0.7086,0.2491,,15,9,ci_too_wide,Insufficient data
-69.0,39.0,-0.2693,-0.7177,0.2422,,87,12,ci_too_wide,Insufficient data
-69.0,45.0,0.1204,-0.3024,0.553,,10,10,ci_too_wide,Insufficient data
-69.0,51.0,-0.0424,-0.1766,0.0718,-0.1412,440,33,ok_sparse_polar,No resolved directional preference
-69.0,57.0,-0.2287,-0.3684,-0.0913,-0.1256,527,42,ok_sparse_polar,Equatorward-dominant
-69.0,63.0,-0.5835,-0.8027,-0.0327,-0.1004,20,6,ok_sparse_polar,Equatorward-dominant
-69.0,69.0,0.1067,-0.202,0.4264,-0.0661,36,18,ok_sparse_polar,No resolved directional preference
-69.0,75.0,0.0364,-0.2538,0.2299,-0.0343,33,14,ok_sparse_polar,No resolved directional preference
-69.0,81.0,0.2743,0.0448,0.4475,-0.024,15,13,ok_sparse_polar,Poleward-dominant
-69.0,87.0,,,,,8,7,too_few_events,Insufficient data
-69.0,93.0,,,,,0,0,too_few_events,Insufficient data
-69.0,99.0,-0.2018,-0.3877,-0.0999,-0.1386,15,8,ok_sparse_polar,Equatorward-dominant
-69.0,105.0,-0.2261,-0.3814,0.0133,-0.1542,147,20,ok_sparse_polar,No resolved directional preference
-69.0,111.0,-0.3571,-0.4636,-0.2006,-0.1436,14,7,ok_sparse_polar,Equatorward-dominant
-69.0,117.0,0.0066,-0.3731,0.3988,-0.1182,23,6,ok_sparse_polar,No resolved directional preference
-69.0,123.0,,,,,5,4,too_few_events,Insufficient data
-69.0,129.0,0.0606,-0.1399,0.2383,-0.0815,117,25,ok_sparse_polar,No resolved directional preference
-69.0,135.0,0.1716,-0.2985,0.4069,-0.0893,23,11,ok_sparse_polar,No resolved directional preference
-69.0,141.0,-0.267,-0.3784,-0.1491,-0.1118,194,25,ok_sparse_polar,Equatorward-dominant
-69.0,147.0,-0.2319,-0.4568,-0.0916,-0.1385,55,14,ok_sparse_polar,Equatorward-dominant
-69.0,153.0,,,,,6,6,too_few_events,Insufficient data
-69.0,159.0,-0.3675,-0.6401,-0.1514,-0.1533,78,24,ok_sparse_polar,Equatorward-dominant
-69.0,165.0,-0.39,-0.8522,-0.2747,-0.1332,30,9,ok_sparse_polar,Equatorward-dominant
-69.0,171.0,0.1273,-0.1284,0.2847,-0.1055,14,6,ok_sparse_polar,No resolved directional preference
-69.0,177.0,-0.2782,-0.5106,-0.0379,-0.0809,28,16,ok_sparse_polar,Equatorward-dominant
-63.0,-177.0,0.1171,0.0321,0.1904,0.0863,114,25,ok,Poleward-dominant
-63.0,-171.0,0.0711,-0.0604,0.2054,0.066,48,27,ok,No resolved directional preference
-63.0,-165.0,0.2725,-0.1761,0.5137,,472,48,ci_too_wide,Insufficient data
-63.0,-159.0,0.0181,-0.1179,0.1759,0.0196,118,52,ok,No resolved directional preference
-63.0,-153.0,-0.1667,-0.2755,-0.0218,0.0074,302,50,ok,Equatorward-dominant
-63.0,-147.0,0.0573,-0.1075,0.2064,0.004,121,39,ok,No resolved directional preference
-63.0,-141.0,0.0783,-0.0779,0.2433,0.0054,534,68,ok,No resolved directional preference
-63.0,-135.0,0.0951,-0.0386,0.2066,0.0094,408,36,ok,No resolved directional preference
-63.0,-129.0,-0.1605,-0.2638,0.1634,0.0176,136,31,ok,No resolved directional preference
-63.0,-123.0,0.1287,-0.037,0.2911,0.034,124,42,ok,No resolved directional preference
-63.0,-117.0,-0.0322,-0.2952,0.2953,,358,40,ci_too_wide,Insufficient data
-63.0,-111.0,0.1485,-0.061,0.2866,0.0894,237,47,ok,No resolved directional preference
-63.0,-105.0,0.1782,-0.0269,0.3379,0.1158,75,33,ok,No resolved directional preference
-63.0,-99.0,0.2258,-0.0129,0.4488,0.1334,33,20,ok,No resolved directional preference
-63.0,-93.0,0.304,0.2238,0.3982,0.1402,1965,91,ok,Poleward-dominant
-63.0,-87.0,0.2456,0.14,0.361,0.1359,719,96,ok,Poleward-dominant
-63.0,-81.0,0.1746,0.0597,0.2491,0.1214,369,54,ok,Poleward-dominant
-63.0,-75.0,,,,,21,12,too_few_events,Insufficient data
-63.0,-69.0,0.1561,0.0654,0.2382,0.0775,372,43,ok,Poleward-dominant
-63.0,-63.0,0.0906,-0.013,0.224,0.0589,206,43,ok,No resolved directional preference
-63.0,-57.0,0.1795,-0.0008,0.3232,0.0462,105,41,ok,No resolved directional preference
-63.0,-51.0,0.034,-0.0583,0.1285,0.0408,625,93,ok,No resolved directional preference
-63.0,-45.0,-0.1065,-0.3062,0.1475,0.0453,41,24,ok,No resolved directional preference
-63.0,-39.0,0.1715,-0.1036,0.4113,,30,20,ci_too_wide,Insufficient data
-63.0,-33.0,0.0451,-0.0432,0.1701,0.0764,122,29,ok,No resolved directional preference
-63.0,-27.0,0.1479,0.0351,0.2596,0.0836,125,34,ok,Poleward-dominant
-63.0,-21.0,0.2059,0.1047,0.3313,0.0754,88,39,ok,Poleward-dominant
-63.0,-15.0,0.0002,-0.206,0.2027,0.055,270,43,ok,No resolved directional preference
-63.0,-9.0,-0.0751,-0.2038,0.0824,0.0306,100,37,ok,No resolved directional preference
-63.0,-3.0,-0.0714,-0.1962,0.0989,0.0095,69,25,ok,No resolved directional preference
-63.0,3.0,0.1192,-0.0157,0.2198,-0.0057,87,18,ok,No resolved directional preference
-63.0,9.0,-0.189,-0.3568,-0.0479,-0.0159,241,24,ok,Equatorward-dominant
-63.0,15.0,,,,,13,11,too_few_events,Insufficient data
-63.0,21.0,-0.0219,-0.2802,0.2165,-0.0284,51,24,ok,No resolved directional preference
-63.0,27.0,0.0808,-0.0886,0.2947,-0.031,72,24,ok,No resolved directional preference
-63.0,33.0,-0.0915,-0.2405,0.0883,-0.0295,74,31,ok,No resolved directional preference
-63.0,39.0,-0.0038,-0.1382,0.0997,-0.0231,104,37,ok,No resolved directional preference
-63.0,45.0,-0.0751,-0.2566,0.1327,-0.0129,397,62,ok,No resolved directional preference
-63.0,51.0,0.1859,0.0189,0.341,-0.0013,1558,84,ok,Poleward-dominant
-63.0,57.0,0.006,-0.1195,0.1258,0.0095,137,65,ok,No resolved directional preference
-63.0,63.0,0.0839,-0.093,0.2369,0.0179,1430,60,ok,No resolved directional preference
-63.0,69.0,0.0792,-0.0109,0.1766,0.0227,259,55,ok,No resolved directional preference
-63.0,75.0,0.0238,-0.0487,0.1157,0.0216,242,72,ok,No resolved directional preference
-63.0,81.0,0.0321,-0.1781,0.3004,0.0127,96,35,ok,No resolved directional preference
-63.0,87.0,-0.0556,-0.2071,0.1739,-0.002,39,21,ok,No resolved directional preference
-63.0,93.0,-0.0491,-0.2067,0.1534,-0.0167,310,33,ok,No resolved directional preference
-63.0,99.0,-0.1325,-0.2305,-0.0275,-0.0233,168,49,ok,Equatorward-dominant
-63.0,105.0,-0.2438,-0.4598,0.0326,-0.0168,352,37,ok,No resolved directional preference
-63.0,111.0,0.2566,0.1281,0.3844,0.0025,65,30,ok,Poleward-dominant
-63.0,117.0,0.1165,-0.223,0.4289,,79,29,ci_too_wide,Insufficient data
-63.0,123.0,-0.1607,-0.2736,0.0116,0.0532,128,25,ok,No resolved directional preference
-63.0,129.0,0.378,0.1979,0.5254,0.0712,41,22,ok,Poleward-dominant
-63.0,135.0,-0.0229,-0.2174,0.2111,0.0824,29,16,ok,No resolved directional preference
-63.0,141.0,-0.1128,-0.3669,0.3094,,54,18,ci_too_wide,Insufficient data
-63.0,147.0,0.2051,-0.0548,0.4888,,25,15,ci_too_wide,Insufficient data
-63.0,153.0,0.3462,-0.0249,0.4159,0.0992,149,22,ok,No resolved directional preference
-63.0,159.0,0.1126,-0.0062,0.2497,0.101,211,50,ok,No resolved directional preference
-63.0,165.0,0.1461,0.0138,0.2463,0.102,275,46,ok,Poleward-dominant
-63.0,171.0,0.0929,-0.0407,0.1847,0.1019,112,20,ok,No resolved directional preference
-63.0,177.0,0.3203,0.1338,0.5006,0.0978,236,32,ok,Poleward-dominant
-57.0,-177.0,0.066,-0.0877,0.2522,0.0755,380,64,ok,No resolved directional preference
-57.0,-171.0,0.0521,-0.1702,0.2511,0.0919,407,65,ok,No resolved directional preference
-57.0,-165.0,0.2062,0.0929,0.307,0.1039,975,107,ok,Poleward-dominant
-57.0,-159.0,0.13,-0.0541,0.2384,0.1068,686,88,ok,No resolved directional preference
-57.0,-153.0,0.2527,0.1519,0.3563,0.0994,343,62,ok,Poleward-dominant
-57.0,-147.0,0.0666,-0.0516,0.2004,0.085,259,44,ok,No resolved directional preference
-57.0,-141.0,-0.113,-0.3014,0.0963,0.0698,36,18,ok,No resolved directional preference
-57.0,-135.0,0.17,0.0492,0.2804,0.0581,213,83,ok,Poleward-dominant
-57.0,-129.0,-0.0454,-0.1655,0.0681,0.0519,259,54,ok,No resolved directional preference
-57.0,-123.0,0.0714,-0.043,0.1708,0.0524,175,52,ok,No resolved directional preference
-57.0,-117.0,-0.1014,-0.2327,0.014,0.0604,136,49,ok,No resolved directional preference
-57.0,-111.0,-0.013,-0.2054,0.1821,0.0757,74,35,ok,No resolved directional preference
-57.0,-105.0,0.2118,0.0894,0.3263,0.0952,189,54,ok,Poleward-dominant
-57.0,-99.0,-0.0015,-0.2271,0.2089,0.1134,66,40,ok,No resolved directional preference
-57.0,-93.0,0.1684,-0.1584,0.3227,0.1246,82,36,ok,No resolved directional preference
-57.0,-87.0,0.2165,0.0895,0.2952,0.1252,1244,49,ok,Poleward-dominant
-57.0,-81.0,0.1849,0.045,0.308,0.1154,452,64,ok,Poleward-dominant
-57.0,-75.0,0.003,-0.1589,0.1467,0.0999,318,98,ok,No resolved directional preference
-57.0,-69.0,-0.0163,-0.1343,0.0872,0.0862,572,129,ok,No resolved directional preference
-57.0,-63.0,0.1399,0.0253,0.2433,0.0797,436,100,ok,Poleward-dominant
-57.0,-57.0,-0.0535,-0.2233,0.0997,0.0827,229,82,ok,No resolved directional preference
-57.0,-51.0,0.1464,-0.0093,0.2845,0.0951,380,79,ok,No resolved directional preference
-57.0,-45.0,0.0468,-0.0702,0.1584,0.1154,312,80,ok,No resolved directional preference
-57.0,-39.0,0.2905,0.0776,0.4677,0.1399,416,100,ok,Poleward-dominant
-57.0,-33.0,0.0617,-0.0584,0.1966,0.1625,165,64,ok,No resolved directional preference
-57.0,-27.0,0.3781,0.1336,0.5818,0.1767,153,46,ok,Poleward-dominant
-57.0,-21.0,0.2597,0.1611,0.3705,0.1784,249,54,ok,Poleward-dominant
-57.0,-15.0,0.2829,0.1761,0.4003,0.1681,269,57,ok,Poleward-dominant
-57.0,-9.0,0.0195,-0.1331,0.1954,0.1505,350,45,ok,No resolved directional preference
-57.0,-3.0,0.2505,0.1261,0.3887,0.1298,116,46,ok,Poleward-dominant
-57.0,3.0,0.1247,-0.0063,0.2346,0.1085,187,77,ok,No resolved directional preference
-57.0,9.0,0.0847,0.0074,0.1595,0.0856,233,106,ok,Poleward-dominant
-57.0,15.0,0.0544,-0.0341,0.1817,0.06,173,38,ok,No resolved directional preference
-57.0,21.0,0.1412,-0.0593,0.3467,0.0314,67,37,ok,No resolved directional preference
-57.0,27.0,-0.0853,-0.1853,0.032,0.0026,111,38,ok,No resolved directional preference
-57.0,33.0,0.0536,-0.1947,0.267,-0.0221,40,23,ok,No resolved directional preference
-57.0,39.0,-0.3456,-0.4587,-0.1948,-0.0372,924,62,ok,Equatorward-dominant
-57.0,45.0,0.0107,-0.2118,0.1939,-0.0401,533,76,ok,No resolved directional preference
-57.0,51.0,-0.1371,-0.2659,0.0244,-0.0308,818,111,ok,No resolved directional preference
-57.0,57.0,-0.1175,-0.2963,0.0661,-0.0126,602,87,ok,No resolved directional preference
-57.0,63.0,0.0357,-0.1492,0.1885,0.0111,386,76,ok,No resolved directional preference
-57.0,69.0,0.0756,-0.0861,0.231,0.0374,1616,103,ok,No resolved directional preference
-57.0,75.0,-0.0081,-0.1515,0.1539,0.0643,284,79,ok,No resolved directional preference
-57.0,81.0,0.1654,0.0329,0.2921,0.0897,457,69,ok,Poleward-dominant
-57.0,87.0,0.1155,0.0182,0.2123,0.1116,175,52,ok,Poleward-dominant
-57.0,93.0,0.2752,0.1234,0.4674,0.1284,307,40,ok,Poleward-dominant
-57.0,99.0,0.1469,0.0495,0.2739,0.1399,452,44,ok,Poleward-dominant
-57.0,105.0,0.1945,0.0954,0.3644,0.1466,236,65,ok,Poleward-dominant
-57.0,111.0,0.1938,0.0477,0.3461,0.1484,183,60,ok,Poleward-dominant
-57.0,117.0,0.1593,-0.0062,0.2902,0.145,353,40,ok,No resolved directional preference
-57.0,123.0,0.1454,0.0047,0.3146,0.1367,101,31,ok,Poleward-dominant
-57.0,129.0,0.0124,-0.1208,0.1534,0.1245,119,44,ok,No resolved directional preference
-57.0,135.0,0.2776,0.1796,0.3756,0.1092,93,37,ok,Poleward-dominant
-57.0,141.0,-0.0533,-0.2549,0.1638,0.0916,150,49,ok,No resolved directional preference
-57.0,147.0,0.1543,-0.0285,0.3059,0.073,119,45,ok,No resolved directional preference
-57.0,153.0,0.1078,-0.06,0.3377,0.0569,44,24,ok,No resolved directional preference
-57.0,159.0,-0.3297,-0.4891,-0.1422,0.0467,120,36,ok,Equatorward-dominant
-57.0,165.0,0.2814,0.1797,0.4069,0.0444,85,20,ok,Poleward-dominant
-57.0,171.0,-0.02,-0.2047,0.1689,0.0494,171,44,ok,No resolved directional preference
-57.0,177.0,0.0348,-0.0859,0.1493,0.0603,193,40,ok,No resolved directional preference
-51.0,-177.0,-0.0213,-0.1323,0.0798,0.055,488,96,ok,No resolved directional preference
-51.0,-171.0,0.1766,0.0167,0.3239,0.0873,278,87,ok,Poleward-dominant
-51.0,-165.0,0.2091,0.077,0.3312,0.1152,1214,77,ok,Poleward-dominant
-51.0,-159.0,0.1479,0.0488,0.2395,0.1335,552,124,ok,Poleward-dominant
-51.0,-153.0,0.1236,0.0179,0.2459,0.1422,425,73,ok,Poleward-dominant
-51.0,-147.0,0.0547,-0.2264,0.3376,,187,50,ci_too_wide,Insufficient data
-51.0,-141.0,0.1536,0.0346,0.2713,0.1493,88,50,ok,Poleward-dominant
-51.0,-135.0,0.1616,0.0149,0.2705,0.1532,162,58,ok,Poleward-dominant
-51.0,-129.0,0.2551,0.0771,0.379,0.1556,328,85,ok,Poleward-dominant
-51.0,-123.0,0.1801,0.0216,0.3263,0.1544,159,59,ok,Poleward-dominant
-51.0,-117.0,0.296,0.1058,0.4085,0.1494,410,55,ok,Poleward-dominant
-51.0,-111.0,0.0444,-0.0392,0.1359,0.1418,173,76,ok,No resolved directional preference
-51.0,-105.0,0.173,0.0431,0.308,0.1332,88,52,ok,Poleward-dominant
-51.0,-99.0,0.204,0.0687,0.2962,0.1247,774,61,ok,Poleward-dominant
-51.0,-93.0,-0.0706,-0.2767,0.089,0.1167,219,34,ok,No resolved directional preference
-51.0,-87.0,0.1858,0.0861,0.288,0.1096,756,112,ok,Poleward-dominant
-51.0,-81.0,0.0927,0.0115,0.1711,0.1036,370,105,ok,Poleward-dominant
-51.0,-75.0,0.1367,0.0165,0.2407,0.0987,825,133,ok,Poleward-dominant
-51.0,-69.0,0.037,-0.096,0.1858,0.0945,768,145,ok,No resolved directional preference
-51.0,-63.0,0.112,0.0294,0.1912,0.0907,687,104,ok,Poleward-dominant
-51.0,-57.0,0.1543,0.0177,0.2875,0.0872,596,115,ok,Poleward-dominant
-51.0,-51.0,0.0794,-0.0559,0.2043,0.0849,730,100,ok,No resolved directional preference
-51.0,-45.0,0.0244,-0.0645,0.1094,0.0861,716,144,ok,No resolved directional preference
-51.0,-39.0,0.0163,-0.0734,0.1183,0.0917,984,185,ok,No resolved directional preference
-51.0,-33.0,0.179,0.0436,0.3145,0.101,290,111,ok,Poleward-dominant
-51.0,-27.0,0.1135,0.0086,0.2102,0.1113,241,81,ok,Poleward-dominant
-51.0,-21.0,-0.0848,-0.2507,0.1173,0.1202,302,73,ok,No resolved directional preference
-51.0,-15.0,0.3587,0.166,0.5152,0.126,167,42,ok,Poleward-dominant
-51.0,-9.0,0.0677,-0.098,0.1915,0.1283,204,49,ok,No resolved directional preference
-51.0,-3.0,0.0861,-0.1158,0.279,0.1271,209,75,ok,No resolved directional preference
-51.0,3.0,0.1964,0.0703,0.2976,0.122,234,83,ok,Poleward-dominant
-51.0,9.0,0.1525,-0.0006,0.3017,0.1122,56,40,ok,No resolved directional preference
-51.0,15.0,0.15,0.0241,0.2735,0.0992,93,45,ok,Poleward-dominant
-51.0,21.0,-0.0514,-0.2374,0.1456,0.0869,112,55,ok,No resolved directional preference
-51.0,27.0,-0.0157,-0.1781,0.1431,0.08,69,31,ok,No resolved directional preference
-51.0,33.0,0.2043,0.0847,0.3151,0.08,427,60,ok,Poleward-dominant
-51.0,39.0,0.0224,-0.1546,0.2274,0.0843,63,30,ok,No resolved directional preference
-51.0,45.0,0.1653,0.0154,0.2987,0.0879,229,68,ok,Poleward-dominant
-51.0,51.0,0.148,-0.0539,0.3361,0.0867,108,64,ok,No resolved directional preference
-51.0,57.0,0.1851,0.0557,0.3233,0.0812,309,65,ok,Poleward-dominant
-51.0,63.0,-0.0645,-0.1802,0.0762,0.0759,295,66,ok,No resolved directional preference
-51.0,69.0,0.0309,-0.0931,0.1485,0.0764,329,92,ok,No resolved directional preference
-51.0,75.0,-0.0044,-0.1463,0.1434,0.0844,387,62,ok,No resolved directional preference
-51.0,81.0,0.1339,0.03,0.2552,0.0977,462,61,ok,Poleward-dominant
-51.0,87.0,0.2316,0.0897,0.3651,0.1125,268,78,ok,Poleward-dominant
-51.0,93.0,-0.0061,-0.095,0.0632,0.1273,539,60,ok,No resolved directional preference
-51.0,99.0,0.1833,-0.0138,0.3386,0.1433,376,43,ok,No resolved directional preference
-51.0,105.0,0.1709,0.1004,0.3122,0.1607,151,43,ok,Poleward-dominant
-51.0,111.0,0.1671,0.033,0.322,0.1763,89,40,ok,Poleward-dominant
-51.0,117.0,0.287,0.0805,0.4434,0.1842,57,37,ok,Poleward-dominant
-51.0,123.0,0.3348,0.0947,0.5063,0.1804,355,81,ok,Poleward-dominant
-51.0,129.0,0.1418,-0.0237,0.2943,0.1648,72,45,ok,No resolved directional preference
-51.0,135.0,0.1532,-0.0004,0.286,0.1408,161,61,ok,No resolved directional preference
-51.0,141.0,0.004,-0.1214,0.133,0.1126,323,88,ok,No resolved directional preference
-51.0,147.0,0.1286,0.0015,0.268,0.0821,46,25,ok,Poleward-dominant
-51.0,153.0,0.0279,-0.2236,0.3995,,41,21,ci_too_wide,Insufficient data
-51.0,159.0,0.1278,0.0374,0.2475,0.0261,253,49,ok,Poleward-dominant
-51.0,165.0,-0.2054,-0.3238,0.0649,0.0114,119,39,ok,No resolved directional preference
-51.0,171.0,0.0704,-0.0115,0.368,0.0115,89,25,ok,No resolved directional preference
-51.0,177.0,-0.3072,-0.5413,-0.0763,0.0273,345,61,ok,Equatorward-dominant
-45.0,-177.0,0.1204,0.0263,0.2256,0.203,354,81,ok,Poleward-dominant
-45.0,-171.0,0.3519,0.1942,0.4952,0.1985,88,41,ok,Poleward-dominant
-45.0,-165.0,0.1544,-0.0671,0.367,0.1846,239,71,ok,No resolved directional preference
-45.0,-159.0,0.1105,-0.0629,0.2538,0.1668,649,92,ok,No resolved directional preference
-45.0,-153.0,0.169,0.0729,0.2557,0.1502,405,92,ok,Poleward-dominant
-45.0,-147.0,0.1848,0.0601,0.3104,0.1373,189,62,ok,Poleward-dominant
-45.0,-141.0,0.1137,-0.0241,0.2745,0.1284,86,41,ok,No resolved directional preference
-45.0,-135.0,0.0781,-0.1024,0.2471,0.1229,246,74,ok,No resolved directional preference
-45.0,-129.0,0.1628,-0.0544,0.3651,0.1211,116,57,ok,No resolved directional preference
-45.0,-123.0,0.1023,-0.1099,0.3121,0.1236,326,88,ok,No resolved directional preference
-45.0,-117.0,0.0973,-0.0196,0.2257,0.1306,281,93,ok,No resolved directional preference
-45.0,-111.0,0.0599,-0.0926,0.2104,0.1398,243,103,ok,No resolved directional preference
-45.0,-105.0,0.1594,0.0248,0.2744,0.1465,151,70,ok,Poleward-dominant
-45.0,-99.0,0.3103,0.0711,0.4589,0.1456,385,61,ok,Poleward-dominant
-45.0,-93.0,0.1522,0.0833,0.2264,0.1358,470,65,ok,Poleward-dominant
-45.0,-87.0,0.1801,0.112,0.2537,0.1211,679,95,ok,Poleward-dominant
-45.0,-81.0,-0.1047,-0.2443,0.0319,0.1082,642,98,ok,No resolved directional preference
-45.0,-75.0,0.0426,-0.1126,0.1841,0.0999,480,81,ok,No resolved directional preference
-45.0,-69.0,0.2723,0.1223,0.398,0.0937,635,100,ok,Poleward-dominant
-45.0,-63.0,0.0824,-0.0132,0.1831,0.0854,715,136,ok,No resolved directional preference
-45.0,-57.0,0.0115,-0.0769,0.0986,0.0744,1514,169,ok,No resolved directional preference
-45.0,-51.0,0.1008,-0.0169,0.2172,0.0643,1492,187,ok,No resolved directional preference
-45.0,-45.0,-0.0529,-0.1501,0.0596,0.0593,802,136,ok,No resolved directional preference
-45.0,-39.0,0.1221,0.026,0.2088,0.0614,500,123,ok,Poleward-dominant
-45.0,-33.0,0.0301,-0.096,0.1546,0.0687,856,88,ok,No resolved directional preference
-45.0,-27.0,0.0691,-0.0496,0.2313,0.0768,345,92,ok,No resolved directional preference
-45.0,-21.0,0.1954,0.0105,0.4098,0.0815,149,57,ok,Poleward-dominant
-45.0,-15.0,0.0442,-0.082,0.1794,0.082,120,70,ok,No resolved directional preference
-45.0,-9.0,0.0679,-0.0496,0.2091,0.0821,82,47,ok,No resolved directional preference
-45.0,-3.0,-0.0883,-0.2896,0.1988,0.0881,45,24,ok,No resolved directional preference
-45.0,3.0,0.1806,-0.3533,0.5321,,392,59,ci_too_wide,Insufficient data
-45.0,9.0,0.1711,0.0159,0.3146,0.1225,251,72,ok,Poleward-dominant
-45.0,15.0,0.2271,0.0558,0.38,0.1379,210,63,ok,Poleward-dominant
-45.0,21.0,0.1971,0.0165,0.3521,0.1469,320,67,ok,Poleward-dominant
-45.0,27.0,0.1255,0.0231,0.2522,0.1529,132,44,ok,Poleward-dominant
-45.0,33.0,0.0834,-0.0342,0.203,0.1599,180,59,ok,No resolved directional preference
-45.0,39.0,0.1311,0.0108,0.2479,0.1683,377,66,ok,Poleward-dominant
-45.0,45.0,0.3731,0.2108,0.4791,0.1746,1182,90,ok,Poleward-dominant
-45.0,51.0,0.1496,-0.0224,0.3035,0.1748,120,49,ok,No resolved directional preference
-45.0,57.0,0.1723,0.0279,0.3131,0.1691,145,61,ok,Poleward-dominant
-45.0,63.0,0.0801,-0.0458,0.2085,0.1602,119,50,ok,No resolved directional preference
-45.0,69.0,0.2387,0.1516,0.324,0.15,514,78,ok,Poleward-dominant
-45.0,75.0,0.1289,0.0094,0.3314,0.1378,95,38,ok,Poleward-dominant
-45.0,81.0,0.1599,0.0405,0.2586,0.1226,131,38,ok,Poleward-dominant
-45.0,87.0,0.1861,0.0284,0.3201,0.1063,567,78,ok,Poleward-dominant
-45.0,93.0,-0.0248,-0.2433,0.1588,0.0945,259,59,ok,No resolved directional preference
-45.0,99.0,-0.1291,-0.2608,0.0174,0.0935,204,54,ok,No resolved directional preference
-45.0,105.0,0.0449,-0.1368,0.1382,0.1043,196,68,ok,No resolved directional preference
-45.0,111.0,0.2821,0.0996,0.4507,0.1218,119,53,ok,Poleward-dominant
-45.0,117.0,-0.0135,-0.1173,0.0853,0.1381,486,75,ok,No resolved directional preference
-45.0,123.0,0.2987,0.1012,0.4457,0.1476,90,47,ok,Poleward-dominant
-45.0,129.0,0.0988,-0.0422,0.294,0.1484,311,78,ok,No resolved directional preference
-45.0,135.0,0.1707,0.0673,0.2714,0.1414,929,93,ok,Poleward-dominant
-45.0,141.0,0.1684,0.0415,0.2878,0.1287,237,74,ok,Poleward-dominant
-45.0,147.0,0.2393,-0.0163,0.5033,,106,40,ci_too_wide,Insufficient data
-45.0,153.0,-0.052,-0.2615,0.2249,0.111,129,49,ok,No resolved directional preference
-45.0,159.0,-0.0775,-0.2873,0.2439,,86,42,ci_too_wide,Insufficient data
-45.0,165.0,0.1062,-0.0773,0.3054,0.1475,52,38,ok,No resolved directional preference
-45.0,171.0,0.2473,0.1266,0.4088,0.1747,85,41,ok,Poleward-dominant
-45.0,177.0,0.497,0.3084,0.6213,0.1949,203,41,ok,Poleward-dominant
-39.0,-177.0,0.2598,0.174,0.3507,0.1861,249,80,ok,Poleward-dominant
-39.0,-171.0,0.4133,0.2717,0.5405,0.182,173,72,ok,Poleward-dominant
-39.0,-165.0,0.1787,0.0016,0.3083,0.1599,164,65,ok,Poleward-dominant
-39.0,-159.0,0.15,-0.0609,0.3424,0.1292,507,49,ok,No resolved directional preference
-39.0,-153.0,-0.1527,-0.3811,0.0767,0.1021,151,43,ok,No resolved directional preference
-39.0,-147.0,0.0016,-0.1226,0.137,0.085,233,86,ok,No resolved directional preference
-39.0,-141.0,0.3087,0.185,0.4292,0.0767,191,80,ok,Poleward-dominant
-39.0,-135.0,0.0326,-0.1542,0.1921,0.0744,111,55,ok,No resolved directional preference
-39.0,-129.0,-0.2462,-0.382,-0.0971,0.0785,218,83,ok,Equatorward-dominant
-39.0,-123.0,-0.0222,-0.2424,0.2958,,778,100,ci_too_wide,Insufficient data
-39.0,-117.0,0.1307,-0.0478,0.289,0.1078,817,131,ok,No resolved directional preference
-39.0,-111.0,0.2434,0.1397,0.3443,0.1226,702,118,ok,Poleward-dominant
-39.0,-105.0,0.18,0.0572,0.3083,0.1293,339,73,ok,Poleward-dominant
-39.0,-99.0,0.2112,0.0263,0.3434,0.1273,233,86,ok,Poleward-dominant
-39.0,-93.0,0.2388,0.1022,0.3616,0.1205,502,96,ok,Poleward-dominant
-39.0,-87.0,-0.0566,-0.2656,0.1447,0.1144,329,73,ok,No resolved directional preference
-39.0,-81.0,0.08,-0.1069,0.2739,0.1115,520,77,ok,No resolved directional preference
-39.0,-75.0,0.1913,0.0107,0.3532,0.1087,353,86,ok,Poleward-dominant
-39.0,-69.0,0.3068,0.1409,0.4522,0.1002,413,81,ok,Poleward-dominant
-39.0,-63.0,-0.0002,-0.1413,0.1546,0.0833,866,131,ok,No resolved directional preference
-39.0,-57.0,0.1243,0.0339,0.2135,0.0618,903,180,ok,Poleward-dominant
-39.0,-51.0,-0.1877,-0.2951,-0.0691,0.0429,1501,188,ok,Equatorward-dominant
-39.0,-45.0,0.1736,0.0773,0.2861,0.032,864,166,ok,Poleward-dominant
-39.0,-39.0,0.0266,-0.0881,0.1514,0.0316,515,119,ok,No resolved directional preference
-39.0,-33.0,-0.1366,-0.3035,0.0559,0.0403,615,127,ok,No resolved directional preference
-39.0,-27.0,0.0411,-0.0975,0.1528,0.0538,564,90,ok,No resolved directional preference
-39.0,-21.0,0.2666,0.1388,0.3755,0.0656,216,75,ok,Poleward-dominant
-39.0,-15.0,0.1633,0.023,0.3031,0.0709,185,60,ok,Poleward-dominant
-39.0,-9.0,0.1406,-0.0334,0.2922,0.0705,74,47,ok,No resolved directional preference
-39.0,-3.0,-0.0548,-0.2147,0.1471,0.0717,233,64,ok,No resolved directional preference
-39.0,3.0,0.0857,-0.1395,0.322,0.0805,69,47,ok,No resolved directional preference
-39.0,9.0,0.1168,0.0033,0.248,0.0978,119,59,ok,Poleward-dominant
-39.0,15.0,0.185,0.0336,0.3249,0.1187,119,71,ok,Poleward-dominant
-39.0,21.0,0.0639,-0.056,0.1949,0.1382,240,70,ok,No resolved directional preference
-39.0,27.0,0.2426,0.053,0.4146,0.155,236,71,ok,Poleward-dominant
-39.0,33.0,0.1925,-0.0147,0.4048,0.1698,60,34,ok,No resolved directional preference
-39.0,39.0,0.2216,0.0414,0.3889,0.1829,84,36,ok,Poleward-dominant
-39.0,45.0,-0.1184,-0.3594,0.1608,,443,66,ci_too_wide,Insufficient data
-39.0,51.0,0.2743,0.0502,0.4446,0.1981,228,54,ok,Poleward-dominant
-39.0,57.0,0.272,0.137,0.4173,0.1966,91,48,ok,Poleward-dominant
-39.0,63.0,0.1322,-0.0138,0.2868,0.1894,93,41,ok,No resolved directional preference
-39.0,69.0,0.3807,0.1011,0.4768,0.1775,325,43,ok,Poleward-dominant
-39.0,75.0,0.1628,0.0472,0.2953,0.1629,454,76,ok,Poleward-dominant
-39.0,81.0,0.0703,-0.0989,0.29,0.1493,65,39,ok,No resolved directional preference
-39.0,87.0,0.1662,0.0391,0.298,0.1404,209,75,ok,Poleward-dominant
-39.0,93.0,0.1197,-0.0357,0.2585,0.1376,174,65,ok,No resolved directional preference
-39.0,99.0,0.198,0.0922,0.3111,0.1381,362,69,ok,Poleward-dominant
-39.0,105.0,0.3006,0.1691,0.4554,0.1381,543,79,ok,Poleward-dominant
-39.0,111.0,0.0236,-0.221,0.2707,0.1352,1007,102,ok,No resolved directional preference
-39.0,117.0,0.3047,0.2035,0.4116,0.1298,412,91,ok,Poleward-dominant
-39.0,123.0,0.0618,-0.1656,0.2628,0.1253,186,76,ok,No resolved directional preference
-39.0,129.0,0.0248,-0.0742,0.1084,0.1242,142,68,ok,No resolved directional preference
-39.0,135.0,0.2666,0.1216,0.3901,0.1267,172,61,ok,Poleward-dominant
-39.0,141.0,0.0632,-0.064,0.1879,0.1298,132,59,ok,No resolved directional preference
-39.0,147.0,0.1062,-0.0947,0.2811,0.1299,124,53,ok,No resolved directional preference
-39.0,153.0,0.3434,0.2295,0.5236,0.1257,131,53,ok,Poleward-dominant
-39.0,159.0,-0.0768,-0.3452,0.1784,,99,42,ci_too_wide,Insufficient data
-39.0,165.0,-0.0973,-0.245,0.1718,0.1297,157,45,ok,No resolved directional preference
-39.0,171.0,-0.0055,-0.0926,0.0978,0.1488,619,56,ok,No resolved directional preference
-39.0,177.0,0.256,0.0588,0.4358,0.1719,255,67,ok,Poleward-dominant
-33.0,-177.0,0.1376,-0.1225,0.3639,0.1321,70,39,ok,No resolved directional preference
-33.0,-171.0,0.2142,0.0009,0.3697,0.12,114,52,ok,Poleward-dominant
-33.0,-165.0,-0.0316,-0.2511,0.2275,0.1036,214,45,ok,No resolved directional preference
-33.0,-159.0,0.0447,-0.1322,0.2246,0.0915,243,57,ok,No resolved directional preference
-33.0,-153.0,0.0521,-0.1149,0.2247,0.0916,222,68,ok,No resolved directional preference
-33.0,-147.0,-0.0002,-0.177,0.1796,0.1067,101,59,ok,No resolved directional preference
-33.0,-141.0,0.0863,-0.0665,0.2479,0.131,162,67,ok,No resolved directional preference
-33.0,-135.0,0.3674,0.2258,0.4727,0.1524,914,105,ok,Poleward-dominant
-33.0,-129.0,0.27,0.1974,0.3437,0.1579,598,111,ok,Poleward-dominant
-33.0,-123.0,0.2944,0.1361,0.4269,0.1396,609,111,ok,Poleward-dominant
-33.0,-117.0,0.2234,0.0879,0.3374,0.1008,497,109,ok,Poleward-dominant
-33.0,-111.0,-0.1941,-0.3553,0.0105,0.0543,331,109,ok,No resolved directional preference
-33.0,-105.0,-0.2155,-0.3242,-0.1088,0.0162,474,138,ok,Equatorward-dominant
-33.0,-99.0,-0.1202,-0.2022,-0.0368,-0.0027,856,149,ok,Equatorward-dominant
-33.0,-93.0,-0.0758,-0.2037,0.0425,-0.001,749,163,ok,No resolved directional preference
-33.0,-87.0,0.0761,-0.07,0.2226,0.0155,242,93,ok,No resolved directional preference
-33.0,-81.0,-0.0056,-0.1345,0.1551,0.0376,278,71,ok,No resolved directional preference
-33.0,-75.0,0.0917,-0.0753,0.2719,0.056,122,58,ok,No resolved directional preference
-33.0,-69.0,0.1662,0.0206,0.3161,0.0642,589,83,ok,Poleward-dominant
-33.0,-63.0,0.0289,-0.1119,0.1558,0.0609,674,147,ok,No resolved directional preference
-33.0,-57.0,0.0031,-0.0967,0.0985,0.0491,615,166,ok,No resolved directional preference
-33.0,-51.0,0.0028,-0.1649,0.1583,0.0339,1004,134,ok,No resolved directional preference
-33.0,-45.0,-0.0354,-0.1403,0.0707,0.0189,825,191,ok,No resolved directional preference
-33.0,-39.0,0.0374,-0.0374,0.1232,0.0049,1586,185,ok,No resolved directional preference
-33.0,-33.0,0.035,-0.1904,0.2247,-0.0086,768,102,ok,No resolved directional preference
-33.0,-27.0,-0.0905,-0.2335,0.0367,-0.0213,263,77,ok,No resolved directional preference
-33.0,-21.0,-0.1386,-0.2399,-0.0102,-0.0326,1010,79,ok,Equatorward-dominant
-33.0,-15.0,0.0805,-0.0374,0.1977,-0.0405,239,87,ok,No resolved directional preference
-33.0,-9.0,-0.2889,-0.4062,-0.13,-0.0425,199,63,ok,Equatorward-dominant
-33.0,-3.0,-0.1385,-0.2271,-0.045,-0.0345,925,99,ok,Equatorward-dominant
-33.0,3.0,-0.1337,-0.2442,0.0056,-0.0143,181,58,ok,No resolved directional preference
-33.0,9.0,-0.1256,-0.4183,0.2112,,315,64,ci_too_wide,Insufficient data
-33.0,15.0,0.1175,-0.0119,0.247,0.0427,686,97,ok,No resolved directional preference
-33.0,21.0,-0.0242,-0.1293,0.0995,0.0623,722,124,ok,No resolved directional preference
-33.0,27.0,0.2127,0.0743,0.3366,0.0715,1112,127,ok,Poleward-dominant
-33.0,33.0,-0.093,-0.2124,0.0306,0.0724,401,90,ok,No resolved directional preference
-33.0,39.0,0.1196,0.0041,0.2504,0.0687,206,64,ok,Poleward-dominant
-33.0,45.0,-0.195,-0.5631,0.3152,,137,45,ci_too_wide,Insufficient data
-33.0,51.0,-0.113,-0.2393,0.0236,0.0607,558,110,ok,No resolved directional preference
-33.0,57.0,0.2645,0.1144,0.4022,0.06,268,81,ok,Poleward-dominant
-33.0,63.0,-0.195,-0.3552,0.0617,0.0607,466,70,ok,No resolved directional preference
-33.0,69.0,0.1921,0.0227,0.4107,0.0616,215,56,ok,Poleward-dominant
-33.0,75.0,0.0198,-0.2046,0.2522,0.0627,62,46,ok,No resolved directional preference
-33.0,81.0,-0.0576,-0.224,0.093,0.0647,250,86,ok,No resolved directional preference
-33.0,87.0,0.0833,-0.0609,0.2371,0.0676,117,50,ok,No resolved directional preference
-33.0,93.0,0.0486,-0.0675,0.1779,0.0697,416,56,ok,No resolved directional preference
-33.0,99.0,0.1076,-0.0678,0.2618,0.0681,302,64,ok,No resolved directional preference
-33.0,105.0,0.0038,-0.1693,0.1656,0.0612,187,74,ok,No resolved directional preference
-33.0,111.0,0.1215,-0.0247,0.2623,0.0514,2047,104,ok,No resolved directional preference
-33.0,117.0,-0.0224,-0.1748,0.1423,0.0441,494,109,ok,No resolved directional preference
-33.0,123.0,-0.1944,-0.4222,0.0342,0.0453,245,91,ok,No resolved directional preference
-33.0,129.0,-0.0755,-0.2139,0.0945,0.0562,291,92,ok,No resolved directional preference
-33.0,135.0,0.2939,0.1225,0.4723,0.0724,81,55,ok,Poleward-dominant
-33.0,141.0,0.0798,-0.1052,0.2328,0.0872,110,55,ok,No resolved directional preference
-33.0,147.0,0.0541,-0.0843,0.1696,0.0969,184,58,ok,No resolved directional preference
-33.0,153.0,0.0833,-0.2276,0.3294,,98,43,ci_too_wide,Insufficient data
-33.0,159.0,0.0206,-0.1203,0.1584,0.1096,399,84,ok,No resolved directional preference
-33.0,165.0,0.0769,-0.0553,0.207,0.1194,103,56,ok,No resolved directional preference
-33.0,171.0,0.2499,0.008,0.4764,0.1296,268,72,ok,Poleward-dominant
-33.0,177.0,0.1003,-0.0727,0.2735,0.1351,193,67,ok,No resolved directional preference
-27.0,-177.0,0.1015,-0.1247,0.3289,0.1536,78,49,ok,No resolved directional preference
-27.0,-171.0,0.0265,-0.2433,0.2922,,53,31,ci_too_wide,Insufficient data
-27.0,-165.0,0.197,-0.0199,0.372,0.1375,117,46,ok,No resolved directional preference
-27.0,-159.0,0.0856,-0.1154,0.2601,0.1269,72,35,ok,No resolved directional preference
-27.0,-153.0,0.0657,-0.1351,0.2599,0.122,77,43,ok,No resolved directional preference
-27.0,-147.0,0.1205,-0.1505,0.3751,,102,45,ci_too_wide,Insufficient data
-27.0,-141.0,0.3102,0.1318,0.4264,0.1411,362,81,ok,Poleward-dominant
-27.0,-135.0,-0.229,-0.4145,0.0561,0.1595,595,99,ok,No resolved directional preference
-27.0,-129.0,0.3302,0.1263,0.5162,0.1747,252,63,ok,Poleward-dominant
-27.0,-123.0,0.1272,-0.0234,0.2605,0.1781,320,82,ok,No resolved directional preference
-27.0,-117.0,0.4374,0.2241,0.5927,0.1644,186,59,ok,Poleward-dominant
-27.0,-111.0,0.145,0.0624,0.2329,0.1326,470,156,ok,Poleward-dominant
-27.0,-105.0,0.2561,0.1535,0.3449,0.0888,1324,194,ok,Poleward-dominant
-27.0,-99.0,0.0705,0.0054,0.1318,0.045,2255,272,ok,Poleward-dominant
-27.0,-93.0,-0.2455,-0.3607,-0.1132,0.0143,1068,215,ok,Equatorward-dominant
-27.0,-87.0,-0.0045,-0.1389,0.1219,0.0048,445,112,ok,No resolved directional preference
-27.0,-81.0,-0.0851,-0.188,0.0565,0.0162,540,73,ok,No resolved directional preference
-27.0,-75.0,0.1084,-0.0626,0.258,0.0411,91,54,ok,No resolved directional preference
-27.0,-69.0,0.0722,-0.0612,0.1924,0.0687,276,77,ok,No resolved directional preference
-27.0,-63.0,0.2297,0.0564,0.382,0.0894,356,110,ok,Poleward-dominant
-27.0,-57.0,0.2976,0.1707,0.394,0.0972,796,152,ok,Poleward-dominant
-27.0,-51.0,0.0979,-0.0427,0.2211,0.0908,932,156,ok,No resolved directional preference
-27.0,-45.0,-0.0474,-0.1471,0.0525,0.0735,1044,146,ok,No resolved directional preference
-27.0,-39.0,0.2447,0.0164,0.4308,0.0511,320,91,ok,Poleward-dominant
-27.0,-33.0,0.0194,-0.1491,0.2767,0.0308,315,73,ok,No resolved directional preference
-27.0,-27.0,-0.2016,-0.3408,-0.0506,0.0203,505,92,ok,Equatorward-dominant
-27.0,-21.0,-0.0654,-0.1952,0.0946,0.0245,179,37,ok,No resolved directional preference
-27.0,-15.0,0.1947,0.0333,0.3442,0.042,327,82,ok,Poleward-dominant
-27.0,-9.0,0.0544,-0.0886,0.1862,0.0655,224,58,ok,No resolved directional preference
-27.0,-3.0,0.1457,-0.0401,0.3098,0.0859,142,54,ok,No resolved directional preference
-27.0,3.0,0.4701,0.2197,0.5868,0.097,796,78,ok,Poleward-dominant
-27.0,9.0,-0.0699,-0.2374,0.1112,0.0982,104,47,ok,No resolved directional preference
-27.0,15.0,-0.0158,-0.152,0.1135,0.0938,178,79,ok,No resolved directional preference
-27.0,21.0,0.2298,0.0879,0.3416,0.0874,255,96,ok,Poleward-dominant
-27.0,27.0,0.1214,-0.0609,0.294,0.0796,449,102,ok,No resolved directional preference
-27.0,33.0,0.0321,-0.062,0.13,0.0692,657,93,ok,No resolved directional preference
-27.0,39.0,-0.0166,-0.274,0.3535,,93,50,ci_too_wide,Insufficient data
-27.0,45.0,0.1148,-0.0567,0.2895,0.0456,86,54,ok,No resolved directional preference
-27.0,51.0,0.0219,-0.1179,0.1275,0.04,209,84,ok,No resolved directional preference
-27.0,57.0,-0.182,-0.2924,-0.0648,0.0427,310,116,ok,Equatorward-dominant
-27.0,63.0,0.0517,-0.0173,0.121,0.0525,474,114,ok,No resolved directional preference
-27.0,69.0,0.1495,-0.0173,0.2942,0.0661,280,71,ok,No resolved directional preference
-27.0,75.0,0.0181,-0.1296,0.1568,0.0795,625,89,ok,No resolved directional preference
-27.0,81.0,0.0988,0.0321,0.1707,0.0894,2595,256,ok,Poleward-dominant
-27.0,87.0,0.1228,-0.0252,0.2521,0.0935,194,75,ok,No resolved directional preference
-27.0,93.0,0.1888,-0.0081,0.3561,0.092,93,49,ok,No resolved directional preference
-27.0,99.0,0.1107,-0.0203,0.2725,0.0875,117,61,ok,No resolved directional preference
-27.0,105.0,-0.004,-0.1085,0.1215,0.0848,341,85,ok,No resolved directional preference
-27.0,111.0,-0.0021,-0.1949,0.2068,0.0871,1513,125,ok,No resolved directional preference
-27.0,117.0,0.1343,-0.0132,0.258,0.0934,432,106,ok,No resolved directional preference
-27.0,123.0,0.3075,0.1275,0.5054,0.1005,543,91,ok,Poleward-dominant
-27.0,129.0,0.0275,-0.1167,0.1548,0.1058,116,64,ok,No resolved directional preference
-27.0,135.0,0.0788,-0.1759,0.2489,0.1097,118,40,ok,No resolved directional preference
-27.0,141.0,0.1798,-0.0155,0.378,0.1129,216,77,ok,No resolved directional preference
-27.0,147.0,0.1944,0.057,0.3308,0.1166,87,55,ok,Poleward-dominant
-27.0,153.0,0.0988,0.0053,0.1992,0.1218,128,46,ok,Poleward-dominant
-27.0,159.0,-0.2138,-0.4163,0.1401,,401,59,ci_too_wide,Insufficient data
-27.0,165.0,0.301,0.2095,0.4178,0.1377,286,73,ok,Poleward-dominant
-27.0,171.0,-0.0634,-0.239,0.1319,0.1462,282,64,ok,No resolved directional preference
-27.0,177.0,0.3669,0.2588,0.4739,0.1526,183,58,ok,Poleward-dominant
-21.0,-177.0,0.0528,-0.2548,0.339,,147,40,ci_too_wide,Insufficient data
-21.0,-171.0,0.3403,0.1125,0.5012,0.168,150,48,ok,Poleward-dominant
-21.0,-165.0,0.2885,0.1561,0.4056,0.1615,306,80,ok,Poleward-dominant
-21.0,-159.0,0.2073,0.0409,0.3635,0.1436,128,72,ok,Poleward-dominant
-21.0,-153.0,-0.1131,-0.2709,0.0662,0.1288,262,52,ok,No resolved directional preference
-21.0,-147.0,0.1543,-0.045,0.3342,0.13,114,51,ok,No resolved directional preference
-21.0,-141.0,0.0196,-0.2636,0.3417,,90,37,ci_too_wide,Insufficient data
-21.0,-135.0,0.4682,0.0059,0.7406,,254,40,ci_too_wide,Insufficient data
-21.0,-129.0,0.7315,0.5703,0.812,0.177,2644,60,ok,Poleward-dominant
-21.0,-123.0,0.0488,-0.0875,0.186,0.1578,716,100,ok,No resolved directional preference
-21.0,-117.0,-0.045,-0.1728,0.0999,0.1252,132,65,ok,No resolved directional preference
-21.0,-111.0,0.1094,-0.023,0.2436,0.0897,190,76,ok,No resolved directional preference
-21.0,-105.0,0.1057,0.022,0.1903,0.0573,2534,217,ok,Poleward-dominant
-21.0,-99.0,-0.0995,-0.1983,0.0088,0.0311,630,128,ok,No resolved directional preference
-21.0,-93.0,-0.147,-0.2612,0.0238,0.0127,239,61,ok,No resolved directional preference
-21.0,-87.0,-0.0037,-0.1187,0.1113,0.0015,578,121,ok,No resolved directional preference
-21.0,-81.0,0.142,0.0504,0.2259,-0.0052,899,148,ok,Poleward-dominant
-21.0,-75.0,-0.0766,-0.2627,0.1204,-0.0078,89,57,ok,No resolved directional preference
-21.0,-69.0,-0.3237,-0.4775,-0.0802,-0.0043,562,73,ok,Equatorward-dominant
-21.0,-63.0,-0.0921,-0.2281,0.0374,0.007,214,76,ok,No resolved directional preference
-21.0,-57.0,0.0748,-0.0919,0.2413,0.0233,251,66,ok,No resolved directional preference
-21.0,-51.0,0.0915,-0.0198,0.2088,0.0383,256,93,ok,No resolved directional preference
-21.0,-45.0,0.0966,0.0017,0.2264,0.0463,559,71,ok,Poleward-dominant
-21.0,-39.0,0.11,-0.042,0.2564,0.0464,166,56,ok,No resolved directional preference
-21.0,-33.0,-0.0087,-0.1162,0.0857,0.0414,404,84,ok,No resolved directional preference
-21.0,-27.0,0.1606,0.0121,0.3371,0.0358,492,51,ok,Poleward-dominant
-21.0,-21.0,-0.091,-0.2143,0.0363,0.0339,503,106,ok,No resolved directional preference
-21.0,-15.0,0.0181,-0.1273,0.1903,0.0374,212,70,ok,No resolved directional preference
-21.0,-9.0,0.0864,-0.0378,0.1751,0.0448,524,88,ok,No resolved directional preference
-21.0,-3.0,-0.0552,-0.1758,0.0588,0.0527,399,85,ok,No resolved directional preference
-21.0,3.0,-0.0224,-0.2998,0.3448,,137,53,ci_too_wide,Insufficient data
-21.0,9.0,0.1136,-0.0433,0.2569,0.0553,138,62,ok,No resolved directional preference
-21.0,15.0,0.1062,-0.0636,0.2727,0.0497,150,59,ok,No resolved directional preference
-21.0,21.0,-0.0393,-0.1616,0.1144,0.0431,198,79,ok,No resolved directional preference
-21.0,27.0,0.1621,0.0045,0.3054,0.0395,228,81,ok,Poleward-dominant
-21.0,33.0,-0.1933,-0.3129,-0.0586,0.043,212,88,ok,Equatorward-dominant
-21.0,39.0,0.0813,-0.0925,0.2329,0.0576,162,63,ok,No resolved directional preference
-21.0,45.0,-0.2384,-0.5401,0.2278,,494,59,ci_too_wide,Insufficient data
-21.0,51.0,0.0556,-0.058,0.1548,0.1107,358,90,ok,No resolved directional preference
-21.0,57.0,0.3048,0.2041,0.3964,0.1339,257,90,ok,Poleward-dominant
-21.0,63.0,0.1669,0.0027,0.3164,0.1474,109,56,ok,Poleward-dominant
-21.0,69.0,0.2382,0.1267,0.3434,0.1514,840,64,ok,Poleward-dominant
-21.0,75.0,0.0185,-0.1492,0.1944,0.1477,76,48,ok,No resolved directional preference
-21.0,81.0,0.3435,0.2177,0.4649,0.1379,1133,90,ok,Poleward-dominant
-21.0,87.0,0.1308,0.0012,0.2392,0.1239,371,79,ok,Poleward-dominant
-21.0,93.0,-0.0122,-0.2502,0.2096,0.1098,184,77,ok,No resolved directional preference
-21.0,99.0,0.0132,-0.1206,0.1564,0.1012,773,109,ok,No resolved directional preference
-21.0,105.0,0.1756,-0.0735,0.4438,,163,49,ci_too_wide,Insufficient data
-21.0,111.0,0.0165,-0.1747,0.2283,0.1074,333,71,ok,No resolved directional preference
-21.0,117.0,0.2586,0.0945,0.3886,0.1101,371,77,ok,Poleward-dominant
-21.0,123.0,0.2467,0.0153,0.3843,0.1035,216,70,ok,Poleward-dominant
-21.0,129.0,-0.1886,-0.2864,-0.0787,0.0876,3787,198,ok,Equatorward-dominant
-21.0,135.0,0.1503,0.0452,0.2514,0.0676,576,82,ok,Poleward-dominant
-21.0,141.0,0.0948,-0.0676,0.286,0.0495,68,41,ok,No resolved directional preference
-21.0,147.0,-0.1481,-0.331,0.0888,0.0392,95,42,ok,No resolved directional preference
-21.0,153.0,-0.0671,-0.243,0.1543,0.0398,98,33,ok,No resolved directional preference
-21.0,159.0,-0.018,-0.1694,0.1014,0.0512,115,43,ok,No resolved directional preference
-21.0,165.0,0.2336,0.0511,0.3948,0.0709,75,46,ok,Poleward-dominant
-21.0,171.0,-0.135,-0.2927,0.0102,0.0971,221,64,ok,No resolved directional preference
-21.0,177.0,0.142,-0.0623,0.3305,0.1277,71,48,ok,No resolved directional preference
-15.0,-177.0,-0.3719,-0.6316,0.4071,,122,27,ci_too_wide,Insufficient data
-15.0,-171.0,0.2761,0.0159,0.4928,0.1139,225,55,ok,Poleward-dominant
-15.0,-165.0,0.301,0.0197,0.4359,0.0809,195,62,ok,Poleward-dominant
-15.0,-159.0,-0.1663,-0.3141,-0.0089,0.0429,337,87,ok,Equatorward-dominant
-15.0,-153.0,-0.0442,-0.261,0.1905,0.0117,59,32,ok,No resolved directional preference
-15.0,-147.0,-0.2018,-0.3607,0.0224,-0.0041,108,36,ok,No resolved directional preference
-15.0,-141.0,-0.0243,-0.1422,0.1039,-0.0015,122,40,ok,No resolved directional preference
-15.0,-135.0,0.1971,-0.0343,0.4114,0.0152,383,50,ok,No resolved directional preference
-15.0,-129.0,-0.2383,-0.3992,-0.0853,0.0394,186,65,ok,Equatorward-dominant
-15.0,-123.0,-0.1698,-0.3754,0.1586,,166,50,ci_too_wide,Insufficient data
-15.0,-117.0,0.1632,-0.0862,0.3224,0.0902,350,56,ok,No resolved directional preference
-15.0,-111.0,0.0721,-0.0633,0.1906,0.1112,388,120,ok,No resolved directional preference
-15.0,-105.0,0.0342,-0.0612,0.1334,0.1268,678,158,ok,No resolved directional preference
-15.0,-99.0,0.3698,0.2899,0.4481,0.1362,1151,158,ok,Poleward-dominant
-15.0,-93.0,0.1588,0.0019,0.3128,0.1398,190,76,ok,Poleward-dominant
-15.0,-87.0,0.1572,0.0313,0.2827,0.1393,633,135,ok,Poleward-dominant
-15.0,-81.0,0.0751,-0.1408,0.2818,0.1362,241,86,ok,No resolved directional preference
-15.0,-75.0,0.2495,0.0111,0.4612,0.1288,253,48,ok,Poleward-dominant
-15.0,-69.0,0.3959,0.0929,0.5363,0.1132,325,52,ok,Poleward-dominant
-15.0,-63.0,0.1668,0.0128,0.3211,0.0856,220,68,ok,Poleward-dominant
-15.0,-57.0,0.2095,-0.1332,0.4764,,201,66,ci_too_wide,Insufficient data
-15.0,-51.0,-0.0473,-0.1507,0.0822,0.0173,271,97,ok,No resolved directional preference
-15.0,-45.0,-0.1776,-0.3402,-0.0285,-0.0001,469,104,ok,Equatorward-dominant
-15.0,-39.0,-0.0857,-0.2081,0.059,-0.0017,1383,170,ok,No resolved directional preference
-15.0,-33.0,0.0401,-0.1223,0.2162,0.0074,305,74,ok,No resolved directional preference
-15.0,-27.0,0.028,-0.1638,0.2304,0.0218,210,49,ok,No resolved directional preference
-15.0,-21.0,-0.092,-0.1964,0.0201,0.0391,364,93,ok,No resolved directional preference
-15.0,-15.0,-0.1557,-0.4085,0.1193,,603,114,ci_too_wide,Insufficient data
-15.0,-9.0,0.1543,0.0306,0.2651,0.0638,581,106,ok,Poleward-dominant
-15.0,-3.0,0.3777,0.2023,0.5072,0.0579,205,83,ok,Poleward-dominant
-15.0,3.0,-0.1224,-0.2267,0.0443,0.0399,150,66,ok,No resolved directional preference
-15.0,9.0,0.0704,-0.119,0.298,0.0197,143,57,ok,No resolved directional preference
-15.0,15.0,-0.2135,-0.3704,-0.0337,0.0083,156,57,ok,Equatorward-dominant
-15.0,21.0,0.0711,-0.1184,0.2942,0.0107,133,41,ok,No resolved directional preference
-15.0,27.0,-0.1549,-0.3231,0.02,0.0253,168,74,ok,No resolved directional preference
-15.0,33.0,0.1796,0.0493,0.2836,0.0462,217,79,ok,Poleward-dominant
-15.0,39.0,0.1783,0.0416,0.3142,0.0677,163,81,ok,Poleward-dominant
-15.0,45.0,0.0579,-0.1205,0.237,0.0872,81,37,ok,No resolved directional preference
-15.0,51.0,0.0165,-0.1863,0.2428,0.1039,295,55,ok,No resolved directional preference
-15.0,57.0,0.2463,0.0541,0.4109,0.1159,124,54,ok,Poleward-dominant
-15.0,63.0,0.2792,0.0447,0.4313,0.1204,92,45,ok,Poleward-dominant
-15.0,69.0,0.0304,-0.2515,0.3746,,170,58,ci_too_wide,Insufficient data
-15.0,75.0,-0.0407,-0.2336,0.2034,0.1108,48,33,ok,No resolved directional preference
-15.0,81.0,-0.0625,-0.3064,0.2326,,45,31,ci_too_wide,Insufficient data
-15.0,87.0,0.3087,0.1667,0.4456,0.1146,1694,90,ok,Poleward-dominant
-15.0,93.0,0.1088,-0.0684,0.2901,0.1246,183,58,ok,No resolved directional preference
-15.0,99.0,0.1943,0.005,0.3273,0.1367,337,65,ok,Poleward-dominant
-15.0,105.0,0.4351,0.0048,0.6624,,1180,109,ci_too_wide,Insufficient data
-15.0,111.0,0.3285,0.1672,0.4402,0.1598,865,136,ok,Poleward-dominant
-15.0,117.0,0.044,-0.145,0.2203,0.1657,93,53,ok,No resolved directional preference
-15.0,123.0,-0.1039,-0.4294,0.2724,,161,58,ci_too_wide,Insufficient data
-15.0,129.0,0.5313,0.41,0.6231,0.1464,370,82,ok,Poleward-dominant
-15.0,135.0,0.1154,-0.0815,0.2616,0.1225,106,56,ok,No resolved directional preference
-15.0,141.0,-0.093,-0.2506,0.0326,0.1002,247,51,ok,No resolved directional preference
-15.0,147.0,-0.0228,-0.1707,0.17,0.0884,580,36,ok,No resolved directional preference
-15.0,153.0,0.333,0.0104,0.4951,0.0896,91,42,ok,Poleward-dominant
-15.0,159.0,-0.0452,-0.2769,0.203,0.1001,162,56,ok,No resolved directional preference
-15.0,165.0,0.2328,0.0577,0.3949,0.1143,237,79,ok,Poleward-dominant
-15.0,171.0,0.2941,0.1344,0.4388,0.1275,590,110,ok,Poleward-dominant
-15.0,177.0,0.0469,-0.1039,0.1896,0.1355,348,84,ok,No resolved directional preference
-9.0,-177.0,0.0245,-0.1283,0.2997,0.0072,85,30,ok,No resolved directional preference
-9.0,-171.0,0.1634,-0.0762,0.385,-0.0005,64,28,ok,No resolved directional preference
-9.0,-165.0,-0.3646,-0.4812,-0.2139,-0.0113,735,73,ok,Equatorward-dominant
-9.0,-159.0,0.1554,0.0058,0.408,-0.0204,203,35,ok,Poleward-dominant
-9.0,-153.0,0.3613,0.096,0.6478,,31,20,ci_too_wide,Insufficient data
-9.0,-147.0,-0.118,-0.2731,0.0583,-0.0148,70,21,ok,No resolved directional preference
-9.0,-141.0,,,,,14,13,too_few_events,Insufficient data
-9.0,-135.0,-0.3007,-0.4902,0.0667,,82,24,ci_too_wide,Insufficient data
-9.0,-129.0,0.173,-0.0474,0.3638,0.0679,122,40,ok,No resolved directional preference
-9.0,-123.0,0.0771,-0.1738,0.3014,0.0952,253,62,ok,No resolved directional preference
-9.0,-117.0,-0.0257,-0.2852,0.2438,,34,27,ci_too_wide,Insufficient data
-9.0,-111.0,0.0904,-0.0614,0.2457,0.1392,304,87,ok,No resolved directional preference
-9.0,-105.0,0.3718,0.2257,0.5248,0.1503,1109,101,ok,Poleward-dominant
-9.0,-99.0,0.1699,0.0609,0.2753,0.1487,889,140,ok,Poleward-dominant
-9.0,-93.0,-0.0213,-0.1499,0.0969,0.1317,1530,194,ok,No resolved directional preference
-9.0,-87.0,0.2573,0.0777,0.4123,0.1003,523,102,ok,Poleward-dominant
-9.0,-81.0,0.0623,-0.1316,0.2976,0.0591,237,69,ok,No resolved directional preference
-9.0,-75.0,0.0795,-0.1119,0.2821,0.0169,95,50,ok,No resolved directional preference
-9.0,-69.0,-0.4905,-0.6226,-0.3384,-0.0161,154,56,ok,Equatorward-dominant
-9.0,-63.0,-0.0626,-0.2435,0.137,-0.0307,148,47,ok,No resolved directional preference
-9.0,-57.0,-0.1542,-0.4138,0.133,,52,34,ci_too_wide,Insufficient data
-9.0,-51.0,0.0078,-0.1399,0.1559,0.0083,175,67,ok,No resolved directional preference
-9.0,-45.0,-0.1261,-0.3247,0.2146,,287,57,ci_too_wide,Insufficient data
-9.0,-39.0,0.0593,-0.14,0.2037,0.0812,184,41,ok,No resolved directional preference
-9.0,-33.0,0.3989,0.0421,0.5174,0.0988,261,46,ok,Poleward-dominant
-9.0,-27.0,0.1079,-0.1523,0.2815,0.0991,280,69,ok,No resolved directional preference
-9.0,-21.0,0.1399,0.0238,0.2301,0.0866,218,86,ok,Poleward-dominant
-9.0,-15.0,0.0513,-0.1107,0.2166,0.0664,1099,162,ok,No resolved directional preference
-9.0,-9.0,-0.0085,-0.0945,0.1101,0.0432,509,88,ok,No resolved directional preference
-9.0,-3.0,-0.0194,-0.1307,0.1191,0.0209,206,56,ok,No resolved directional preference
-9.0,3.0,0.4175,0.103,0.6078,,194,70,ci_too_wide,Insufficient data
-9.0,9.0,-0.1339,-0.2578,-0.0063,-0.002,285,48,ok,Equatorward-dominant
-9.0,15.0,0.0309,-0.0786,0.1545,0.0034,325,67,ok,No resolved directional preference
-9.0,21.0,0.0089,-0.2061,0.2044,0.0154,147,45,ok,No resolved directional preference
-9.0,27.0,0.0422,-0.051,0.151,0.0265,1102,97,ok,No resolved directional preference
-9.0,33.0,0.0927,-0.0913,0.2069,0.0304,221,65,ok,No resolved directional preference
-9.0,39.0,0.1304,0.0061,0.2558,0.025,206,72,ok,Poleward-dominant
-9.0,45.0,-0.1425,-0.2945,0.0072,0.0137,89,57,ok,No resolved directional preference
-9.0,51.0,-0.0617,-0.2165,0.0829,0.0021,121,54,ok,No resolved directional preference
-9.0,57.0,-0.07,-0.2579,0.1294,-0.0075,258,76,ok,No resolved directional preference
-9.0,63.0,0.0437,-0.0858,0.1845,-0.0183,1007,145,ok,No resolved directional preference
-9.0,69.0,0.0466,-0.08,0.168,-0.0345,261,96,ok,No resolved directional preference
-9.0,75.0,-0.0148,-0.1577,0.1304,-0.0544,200,78,ok,No resolved directional preference
-9.0,81.0,-0.2357,-0.4137,-0.0365,-0.0692,134,54,ok,Equatorward-dominant
-9.0,87.0,-0.1581,-0.3574,0.0601,-0.0691,47,40,ok,No resolved directional preference
-9.0,93.0,-0.3779,-0.5441,-0.1436,-0.0517,116,42,ok,Equatorward-dominant
-9.0,99.0,0.2007,0.0542,0.3297,-0.0237,106,34,ok,Poleward-dominant
-9.0,105.0,0.0873,-0.0332,0.2094,0.0044,510,105,ok,No resolved directional preference
-9.0,111.0,0.028,-0.0984,0.1703,0.0261,2468,148,ok,No resolved directional preference
-9.0,117.0,-0.0297,-0.2751,0.1748,0.0406,1078,111,ok,No resolved directional preference
-9.0,123.0,0.0046,-0.1905,0.2177,0.05,224,46,ok,No resolved directional preference
-9.0,129.0,-0.1605,-0.4257,0.2236,,56,29,ci_too_wide,Insufficient data
-9.0,135.0,0.1416,-0.0782,0.3742,0.0503,163,31,ok,No resolved directional preference
-9.0,141.0,0.0434,-0.2587,0.3266,,28,23,ci_too_wide,Insufficient data
-9.0,147.0,-0.0513,-0.2722,0.1922,0.0193,97,45,ok,No resolved directional preference
-9.0,153.0,-0.1444,-0.3325,0.2654,,157,35,ci_too_wide,Insufficient data
-9.0,159.0,-0.0039,-0.178,0.1871,-0.0038,985,103,ok,No resolved directional preference
-9.0,165.0,-0.2141,-0.3686,-0.0489,-0.0033,868,100,ok,Equatorward-dominant
-9.0,171.0,0.0562,-0.1612,0.301,0.0026,73,43,ok,No resolved directional preference
-9.0,177.0,0.0882,-0.1701,0.3424,,162,31,ci_too_wide,Insufficient data
-3.0,-177.0,0.201,-0.2584,0.4845,,127,21,ci_too_wide,Insufficient data
-3.0,-171.0,-0.2218,-0.4511,-0.0138,-0.0579,55,24,ok,Equatorward-dominant
-3.0,-165.0,-0.32,-0.5965,-0.0133,,49,19,ci_too_wide,Insufficient data
-3.0,-159.0,-0.0928,-0.1931,0.0736,-0.0606,74,19,ok,No resolved directional preference
-3.0,-153.0,0.1323,-0.0828,0.3525,-0.0509,61,24,ok,No resolved directional preference
-3.0,-147.0,-0.3104,-0.4976,0.0618,,48,22,ci_too_wide,Insufficient data
-3.0,-141.0,-0.1089,-0.2561,0.0203,-0.0266,993,63,ok,No resolved directional preference
-3.0,-135.0,0.0863,-0.2133,0.2731,-0.0123,689,56,ok,No resolved directional preference
-3.0,-129.0,-0.0237,-0.2298,0.1861,0.003,172,53,ok,No resolved directional preference
-3.0,-123.0,0.1353,-0.1453,0.3357,0.0205,217,46,ok,No resolved directional preference
-3.0,-117.0,-0.2045,-0.3746,0.0139,0.0434,106,50,ok,No resolved directional preference
-3.0,-111.0,0.2624,0.1294,0.4395,0.0741,123,43,ok,Poleward-dominant
-3.0,-105.0,-0.3508,-0.4941,-0.2083,0.1082,221,37,ok,Equatorward-dominant
-3.0,-99.0,0.5725,0.4764,0.6519,0.1339,524,81,ok,Poleward-dominant
-3.0,-93.0,0.3979,0.2603,0.5162,0.1369,939,121,ok,Poleward-dominant
-3.0,-87.0,-0.1157,-0.36,0.1789,,409,58,ci_too_wide,Insufficient data
-3.0,-81.0,-0.0812,-0.2828,0.135,0.0721,193,54,ok,No resolved directional preference
-3.0,-75.0,0.1038,-0.076,0.2781,0.0346,116,67,ok,No resolved directional preference
-3.0,-69.0,-0.0362,-0.1751,0.122,0.0113,147,60,ok,No resolved directional preference
-3.0,-63.0,-0.13,-0.2773,0.0271,0.0028,215,68,ok,No resolved directional preference
-3.0,-57.0,0.1523,-0.008,0.3049,0.0041,419,55,ok,No resolved directional preference
-3.0,-51.0,0.1206,-0.1811,0.2727,0.0087,189,54,ok,No resolved directional preference
-3.0,-45.0,-0.1801,-0.2918,-0.025,0.0137,463,53,ok,Equatorward-dominant
-3.0,-39.0,0.0633,-0.3838,0.2479,,69,25,ci_too_wide,Insufficient data
-3.0,-33.0,0.1237,-0.1737,0.3476,,43,25,ci_too_wide,Insufficient data
-3.0,-27.0,-0.0138,-0.2239,0.1434,0.0303,162,76,ok,No resolved directional preference
-3.0,-21.0,0.0484,-0.0518,0.1768,0.0335,295,89,ok,No resolved directional preference
-3.0,-15.0,0.0186,-0.1144,0.1503,0.0331,416,111,ok,No resolved directional preference
-3.0,-9.0,0.0764,-0.022,0.1597,0.0287,272,80,ok,No resolved directional preference
-3.0,-3.0,0.157,0.0201,0.2804,0.0219,201,71,ok,Poleward-dominant
-3.0,3.0,-0.1909,-0.3577,0.0385,0.0165,359,82,ok,No resolved directional preference
-3.0,9.0,0.1181,-0.2554,0.3679,,470,74,ci_too_wide,Insufficient data
-3.0,15.0,0.0898,-0.179,0.2089,0.0248,283,68,ok,No resolved directional preference
-3.0,21.0,-0.0399,-0.2247,0.1136,0.0356,133,48,ok,No resolved directional preference
-3.0,27.0,0.0826,-0.0955,0.2646,0.0433,174,54,ok,No resolved directional preference
-3.0,33.0,0.0612,-0.1389,0.2327,0.0437,238,89,ok,No resolved directional preference
-3.0,39.0,0.2369,-0.0311,0.4246,0.0345,311,100,ok,No resolved directional preference
-3.0,45.0,0.0642,-0.1275,0.2536,0.0168,131,53,ok,No resolved directional preference
-3.0,51.0,-0.1368,-0.3197,0.0338,-0.0046,81,48,ok,No resolved directional preference
-3.0,57.0,-0.1342,-0.2712,0.0433,-0.0248,107,54,ok,No resolved directional preference
-3.0,63.0,0.0531,-0.109,0.2043,-0.0419,147,70,ok,No resolved directional preference
-3.0,69.0,-0.0233,-0.1615,0.1363,-0.0565,339,111,ok,No resolved directional preference
-3.0,75.0,-0.1938,-0.3945,0.0273,-0.0688,266,47,ok,No resolved directional preference
-3.0,81.0,-0.1393,-0.3667,0.0761,-0.0765,133,50,ok,No resolved directional preference
-3.0,87.0,-0.0246,-0.2442,0.1847,-0.0774,64,45,ok,No resolved directional preference
-3.0,93.0,-0.1838,-0.2618,-0.0715,-0.0708,392,56,ok,Equatorward-dominant
-3.0,99.0,-0.0499,-0.2283,0.097,-0.0584,128,41,ok,No resolved directional preference
-3.0,105.0,-0.0055,-0.1304,0.102,-0.042,742,88,ok,No resolved directional preference
-3.0,111.0,-0.1152,-0.2368,0.0623,-0.0238,1055,104,ok,No resolved directional preference
-3.0,117.0,0.5062,0.0775,0.7464,,1133,73,ci_too_wide,Insufficient data
-3.0,123.0,0.171,-0.0186,0.3007,0.008,291,58,ok,No resolved directional preference
-3.0,129.0,-0.1337,-0.4282,0.1657,,30,23,ci_too_wide,Insufficient data
-3.0,135.0,-0.1851,-0.4316,0.0395,0.0227,68,33,ok,No resolved directional preference
-3.0,141.0,-0.27,-0.4998,0.0765,,190,32,ci_too_wide,Insufficient data
-3.0,147.0,0.1858,-0.0073,0.4187,0.0193,69,36,ok,No resolved directional preference
-3.0,153.0,0.1705,0.0302,0.3385,0.0075,2252,47,ok,Poleward-dominant
-3.0,159.0,-0.3363,-0.4711,-0.1792,-0.0063,250,64,ok,Equatorward-dominant
-3.0,165.0,0.1117,-0.0866,0.2858,-0.0172,132,60,ok,No resolved directional preference
-3.0,171.0,-0.0911,-0.2309,0.0532,-0.0247,105,50,ok,No resolved directional preference
-3.0,177.0,0.1534,-0.0472,0.3647,-0.0327,74,34,ok,No resolved directional preference
3.0,-177.0,,,,,19,17,too_few_events,Insufficient data
3.0,-171.0,0.0319,-0.2571,0.2542,,27,20,ci_too_wide,Insufficient data
3.0,-165.0,0.5155,-0.0424,0.6703,,86,15,ci_too_wide,Insufficient data
3.0,-159.0,-0.4024,-0.5494,-0.1781,-0.2764,130,32,ok,Equatorward-dominant
3.0,-153.0,-0.4288,-0.7602,0.2942,,114,19,ci_too_wide,Insufficient data
3.0,-147.0,-0.2984,-0.4957,0.2392,,168,22,ci_too_wide,Insufficient data
3.0,-141.0,-0.6685,-0.7494,-0.5454,-0.2545,367,37,ok,Equatorward-dominant
3.0,-135.0,-0.1363,-0.514,0.1498,,376,43,ci_too_wide,Insufficient data
3.0,-129.0,-0.066,-0.2574,0.1508,-0.1365,345,50,ok,No resolved directional preference
3.0,-123.0,-0.0491,-0.2642,0.1554,-0.0819,389,77,ok,No resolved directional preference
3.0,-117.0,-0.1245,-0.2843,0.0598,-0.0352,137,58,ok,No resolved directional preference
3.0,-111.0,0.1308,-0.0158,0.291,0.0046,168,41,ok,No resolved directional preference
3.0,-105.0,-0.0216,-0.27,0.2308,,72,32,ci_too_wide,Insufficient data
3.0,-99.0,0.0464,-0.0757,0.1648,0.0524,639,99,ok,No resolved directional preference
3.0,-93.0,0.2515,0.0476,0.4267,0.0568,74,40,ok,Poleward-dominant
3.0,-87.0,-0.3533,-0.5012,-0.1205,0.051,530,85,ok,Equatorward-dominant
3.0,-81.0,0.4087,0.1664,0.5836,0.0406,657,55,ok,Poleward-dominant
3.0,-75.0,-0.1115,-0.2367,0.0777,0.0298,249,64,ok,No resolved directional preference
3.0,-69.0,0.1146,-0.027,0.2371,0.0228,347,82,ok,No resolved directional preference
3.0,-63.0,-0.1888,-0.3841,0.0105,0.0232,37,25,ok,No resolved directional preference
3.0,-57.0,0.2224,-0.0382,0.4629,,47,31,ci_too_wide,Insufficient data
3.0,-51.0,0.131,-0.092,0.3299,0.0375,119,43,ok,No resolved directional preference
3.0,-45.0,0.118,-0.0707,0.3132,0.0363,123,37,ok,No resolved directional preference
3.0,-39.0,0.0175,-0.1464,0.1755,0.0257,139,54,ok,No resolved directional preference
3.0,-33.0,0.0809,-0.1352,0.2751,0.012,62,39,ok,No resolved directional preference
3.0,-27.0,-0.1597,-0.3639,0.1046,0.0037,67,40,ok,No resolved directional preference
3.0,-21.0,-0.0249,-0.2347,0.1866,0.0043,61,34,ok,No resolved directional preference
3.0,-15.0,0.1082,-0.0715,0.2723,0.0113,138,56,ok,No resolved directional preference
3.0,-9.0,-0.0548,-0.2044,0.1019,0.0193,307,66,ok,No resolved directional preference
3.0,-3.0,0.0548,-0.1259,0.2471,0.0257,63,47,ok,No resolved directional preference
3.0,3.0,0.0192,-0.1057,0.1391,0.0305,604,99,ok,No resolved directional preference
3.0,9.0,-0.0351,-0.244,0.1656,0.0336,813,115,ok,No resolved directional preference
3.0,15.0,0.0162,-0.109,0.1444,0.0328,269,103,ok,No resolved directional preference
3.0,21.0,0.3266,0.1836,0.5017,0.0257,301,50,ok,Poleward-dominant
3.0,27.0,-0.0421,-0.2114,0.2016,0.0132,46,28,ok,No resolved directional preference
3.0,33.0,-0.2371,-0.4026,-0.0402,0.0016,92,53,ok,Equatorward-dominant
3.0,39.0,-0.1232,-0.306,0.0192,-0.003,106,42,ok,No resolved directional preference
3.0,45.0,0.1547,-0.0113,0.3508,0.0004,80,44,ok,No resolved directional preference
3.0,51.0,-0.036,-0.276,0.2064,0.0081,119,46,ok,No resolved directional preference
3.0,57.0,0.1238,-0.0251,0.2514,0.0152,229,73,ok,No resolved directional preference
3.0,63.0,0.218,-0.1288,0.4577,,144,69,ci_too_wide,Insufficient data
3.0,69.0,-0.0407,-0.2473,0.1797,0.0225,283,95,ok,No resolved directional preference
3.0,75.0,0.0865,-0.1357,0.2274,0.0266,185,54,ok,No resolved directional preference
3.0,81.0,-0.0119,-0.1657,0.1338,0.0308,349,83,ok,No resolved directional preference
3.0,87.0,0.208,-0.0129,0.3357,0.0319,142,42,ok,No resolved directional preference
3.0,93.0,-0.0456,-0.3339,0.1957,,110,33,ci_too_wide,Insufficient data
3.0,99.0,-0.0397,-0.225,0.1296,0.0188,312,57,ok,No resolved directional preference
3.0,105.0,0.0707,-0.1679,0.3303,0.0125,319,79,ok,No resolved directional preference
3.0,111.0,-0.2233,-0.4427,-0.0859,0.0127,1492,116,ok,Equatorward-dominant
3.0,117.0,0.125,-0.0281,0.2733,0.0193,511,81,ok,No resolved directional preference
3.0,123.0,0.0555,-0.1248,0.2109,0.0291,1262,63,ok,No resolved directional preference
3.0,129.0,0.1075,-0.1401,0.3099,0.0395,45,19,ok,No resolved directional preference
3.0,135.0,-0.1357,-0.2452,0.0016,0.0486,297,49,ok,No resolved directional preference
3.0,141.0,0.2026,0.0981,0.2992,0.0537,834,64,ok,Poleward-dominant
3.0,147.0,0.1391,-0.0558,0.3774,0.0495,79,28,ok,No resolved directional preference
3.0,153.0,-0.007,-0.2702,0.2522,,46,30,ci_too_wide,Insufficient data
3.0,159.0,0.1644,0.0138,0.3203,0.0059,277,64,ok,Poleward-dominant
3.0,165.0,-0.2102,-0.4239,0.0087,-0.0229,78,32,ok,No resolved directional preference
3.0,171.0,-0.2241,-0.4163,0.0251,-0.0496,230,45,ok,No resolved directional preference
3.0,177.0,-0.0723,-0.3032,0.2422,,66,25,ci_too_wide,Insufficient data
9.0,-177.0,-0.4033,-0.612,-0.0621,,30,15,ci_too_wide,Insufficient data
9.0,-171.0,-0.1203,-0.3437,0.1614,,121,31,ci_too_wide,Insufficient data
9.0,-165.0,0.1637,-0.022,0.357,,278,36,ok,No resolved directional preference
9.0,-159.0,0.5482,0.1037,0.7391,,72,29,ci_too_wide,Insufficient data
9.0,-153.0,0.2797,-0.2624,0.4053,,397,23,ci_too_wide,Insufficient data
9.0,-147.0,0.267,-0.0721,0.5414,,175,25,ci_too_wide,Insufficient data
9.0,-141.0,0.0995,-0.1752,0.5591,,50,20,ci_too_wide,Insufficient data
9.0,-135.0,-0.3685,-0.56,-0.0797,-0.2566,286,31,ok,Equatorward-dominant
9.0,-129.0,-0.3165,-0.4263,-0.1817,-0.2224,243,45,ok,Equatorward-dominant
9.0,-123.0,0.1184,-0.2777,0.3725,,83,31,ci_too_wide,Insufficient data
9.0,-117.0,0.179,-0.1054,0.4014,,55,30,ci_too_wide,Insufficient data
9.0,-111.0,-0.0669,-0.1961,0.0829,-0.0441,126,25,ok,No resolved directional preference
9.0,-105.0,-0.0316,-0.282,0.196,-0.0085,60,34,ok,No resolved directional preference
9.0,-99.0,-0.0054,-0.2483,0.2058,0.0095,62,28,ok,No resolved directional preference
9.0,-93.0,0.1435,-0.0167,0.3168,0.0149,152,52,ok,No resolved directional preference
9.0,-87.0,-0.0301,-0.1999,0.143,0.0126,142,42,ok,No resolved directional preference
9.0,-81.0,-0.0275,-0.2779,0.1936,0.0087,186,71,ok,No resolved directional preference
9.0,-75.0,-0.0095,-0.1468,0.105,0.0093,178,56,ok,No resolved directional preference
9.0,-69.0,0.0397,-0.1122,0.2148,0.0181,84,43,ok,No resolved directional preference
9.0,-63.0,0.0213,-0.1631,0.2233,0.0337,74,38,ok,No resolved directional preference
9.0,-57.0,-0.0523,-0.2473,0.1684,0.0496,160,62,ok,No resolved directional preference
9.0,-51.0,0.3579,0.1812,0.5035,0.0566,364,60,ok,Poleward-dominant
9.0,-45.0,0.0839,-0.0597,0.1896,0.0484,156,44,ok,No resolved directional preference
9.0,-39.0,-0.0034,-0.1235,0.1301,0.0276,202,52,ok,No resolved directional preference
9.0,-33.0,0.0568,-0.1512,0.5783,,64,22,ci_too_wide,Insufficient data
9.0,-27.0,-0.4067,-0.5629,-0.069,0.0012,125,40,ok,Equatorward-dominant
9.0,-21.0,0.0527,-0.0356,0.1432,0.0166,669,114,ok,No resolved directional preference
9.0,-15.0,0.2183,0.0246,0.4077,0.0437,58,41,ok,Poleward-dominant
9.0,-9.0,0.0999,-0.1577,0.3736,,39,27,ci_too_wide,Insufficient data
9.0,-3.0,0.1111,-0.0838,0.2673,0.0761,134,42,ok,No resolved directional preference
9.0,3.0,0.121,-0.0294,0.2751,0.0725,331,58,ok,No resolved directional preference
9.0,9.0,0.1088,0.0272,0.1926,0.0626,806,90,ok,Poleward-dominant
9.0,15.0,-0.0855,-0.1984,0.0299,0.0515,263,100,ok,No resolved directional preference
9.0,21.0,-0.068,-0.2683,0.0986,0.0401,331,73,ok,No resolved directional preference
9.0,27.0,0.2177,0.0664,0.3452,0.027,111,44,ok,Poleward-dominant
9.0,33.0,0.0411,-0.2607,0.2158,0.0131,152,36,ok,No resolved directional preference
9.0,39.0,-0.173,-0.3577,-0.005,0.0023,82,43,ok,Equatorward-dominant
9.0,45.0,0.006,-0.1312,0.1408,-0.0006,169,86,ok,No resolved directional preference
9.0,51.0,0.0027,-0.1457,0.1464,0.0065,127,66,ok,No resolved directional preference
9.0,57.0,-0.1326,-0.4018,0.2527,,224,83,ci_too_wide,Insufficient data
9.0,63.0,-0.0023,-0.1404,0.1493,0.0329,226,75,ok,No resolved directional preference
9.0,69.0,0.1319,-0.005,0.2717,0.0428,142,75,ok,No resolved directional preference
9.0,75.0,0.0317,-0.1874,0.2098,0.0522,190,54,ok,No resolved directional preference
9.0,81.0,-0.1391,-0.3514,0.0687,0.0649,100,46,ok,No resolved directional preference
9.0,87.0,-0.003,-0.3264,0.3338,,227,54,ci_too_wide,Insufficient data
9.0,93.0,0.4926,0.2311,0.6578,0.0887,101,20,ok,Poleward-dominant
9.0,99.0,-0.0551,-0.2183,0.132,0.087,84,36,ok,No resolved directional preference
9.0,105.0,0.113,-0.0211,0.2469,0.0765,1386,97,ok,No resolved directional preference
9.0,111.0,0.1179,-0.0209,0.2396,0.0635,1478,95,ok,No resolved directional preference
9.0,117.0,0.1162,-0.166,0.2894,0.0526,285,63,ok,No resolved directional preference
9.0,123.0,-0.2452,-0.3576,-0.1085,0.0443,457,31,ok,Equatorward-dominant
9.0,129.0,0.2825,0.0074,0.4065,0.0369,149,26,ok,Poleward-dominant
9.0,135.0,0.1211,-0.1316,0.3775,,246,39,ci_too_wide,Insufficient data
9.0,141.0,-0.1388,-0.3408,0.0527,0.0203,232,69,ok,No resolved directional preference
9.0,147.0,0.1702,-0.1506,0.4677,,69,36,ci_too_wide,Insufficient data
9.0,153.0,0.0427,-0.2094,0.2637,0.0245,65,39,ok,No resolved directional preference
9.0,159.0,-0.0092,-0.1808,0.1811,0.0377,53,16,ok,No resolved directional preference
9.0,165.0,0.02,-0.1196,0.1307,0.0551,151,31,ok,No resolved directional preference
9.0,171.0,0.4171,0.273,0.5588,0.0749,254,42,ok,Poleward-dominant
9.0,177.0,-0.0328,-0.3301,0.263,,53,28,ci_too_wide,Insufficient data
15.0,-177.0,0.0786,-0.2062,0.2973,,79,30,ci_too_wide,Insufficient data
15.0,-171.0,,,,,20,15,too_few_events,Insufficient data
15.0,-165.0,0.4677,-0.2603,0.6284,,340,24,ci_too_wide,Insufficient data
15.0,-159.0,,,,,18,10,too_few_events,Insufficient data
15.0,-153.0,0.1299,-0.3547,0.5074,,91,18,ci_too_wide,Insufficient data
15.0,-147.0,0.3918,0.2423,0.5576,-0.0729,52,12,ok,Poleward-dominant
15.0,-141.0,-0.5432,-0.7373,-0.2781,-0.1146,40,15,ok,Equatorward-dominant
15.0,-135.0,-0.3301,-0.5963,0.0986,,187,37,ci_too_wide,Insufficient data
15.0,-129.0,-0.1792,-0.3486,0.0316,-0.1243,324,53,ok,No resolved directional preference
15.0,-123.0,0.1047,-0.1779,0.3951,,248,60,ci_too_wide,Insufficient data
15.0,-117.0,-0.1998,-0.5428,0.2339,,39,21,ci_too_wide,Insufficient data
15.0,-111.0,0.0929,-0.1002,0.286,0.0075,45,33,ok,No resolved directional preference
15.0,-105.0,0.3003,-0.0444,0.6093,,161,26,ci_too_wide,Insufficient data
15.0,-99.0,0.187,-0.0811,0.4182,0.0369,151,39,ok,No resolved directional preference
15.0,-93.0,-0.2976,-0.5615,0.1924,,165,46,ci_too_wide,Insufficient data
15.0,-87.0,0.0778,-0.1816,0.3493,,153,52,ci_too_wide,Insufficient data
15.0,-81.0,-0.2466,-0.5224,0.1248,,576,63,ci_too_wide,Insufficient data
15.0,-75.0,-0.3897,-0.5052,-0.2306,-0.08,325,42,ok,Equatorward-dominant
15.0,-69.0,0.3478,0.0291,0.5936,,56,31,ci_too_wide,Insufficient data
15.0,-63.0,0.1163,-0.1491,0.3578,,34,27,ci_too_wide,Insufficient data
15.0,-57.0,0.0514,-0.1018,0.2137,-0.0009,80,49,ok,No resolved directional preference
15.0,-51.0,-0.1464,-0.2864,0.0182,0.022,350,70,ok,No resolved directional preference
15.0,-45.0,0.1224,-0.0284,0.2742,0.038,412,63,ok,No resolved directional preference
15.0,-39.0,0.1752,0.0635,0.281,0.0509,1304,99,ok,Poleward-dominant
15.0,-33.0,-0.0915,-0.2439,0.083,0.0647,73,48,ok,No resolved directional preference
15.0,-27.0,0.2041,0.0194,0.3678,0.0832,395,109,ok,Poleward-dominant
15.0,-21.0,0.5151,0.1448,0.7027,,175,42,ci_too_wide,Insufficient data
15.0,-15.0,-0.0112,-0.1922,0.161,0.1264,60,35,ok,No resolved directional preference
15.0,-9.0,0.5336,0.1803,0.6398,0.1386,592,71,ok,Poleward-dominant
15.0,-3.0,-0.0767,-0.2168,0.0836,0.1398,318,79,ok,No resolved directional preference
15.0,3.0,-0.092,-0.3704,0.1746,,55,32,ci_too_wide,Insufficient data
15.0,9.0,0.0849,-0.0877,0.2306,0.1259,214,37,ok,No resolved directional preference
15.0,15.0,0.1873,0.0223,0.3502,0.1169,768,82,ok,Poleward-dominant
15.0,21.0,0.194,0.0488,0.3488,0.1028,442,92,ok,Poleward-dominant
15.0,27.0,0.2341,0.0479,0.4043,0.0806,96,37,ok,Poleward-dominant
15.0,33.0,0.0022,-0.1724,0.2528,0.0529,197,35,ok,No resolved directional preference
15.0,39.0,-0.1273,-0.2314,-0.0256,0.0286,187,65,ok,Equatorward-dominant
15.0,45.0,0.0395,-0.0778,0.1417,0.0178,237,82,ok,No resolved directional preference
15.0,51.0,-0.1152,-0.2686,0.0602,0.0242,209,63,ok,No resolved directional preference
15.0,57.0,0.0227,-0.1107,0.1846,0.0417,115,59,ok,No resolved directional preference
15.0,63.0,0.3478,0.1157,0.5256,0.0588,176,53,ok,Poleward-dominant
15.0,69.0,0.0376,-0.2094,0.2542,0.0665,81,42,ok,No resolved directional preference
15.0,75.0,0.1328,-0.1441,0.3169,0.0632,154,47,ok,No resolved directional preference
15.0,81.0,-0.0134,-0.2582,0.2035,0.0532,48,33,ok,No resolved directional preference
15.0,87.0,0.0165,-0.1538,0.1931,0.0412,88,37,ok,No resolved directional preference
15.0,93.0,0.0791,-0.1609,0.3243,0.0302,46,30,ok,No resolved directional preference
15.0,99.0,-0.1447,-0.3756,0.0354,0.023,79,46,ok,No resolved directional preference
15.0,105.0,0.1554,-0.1765,0.4158,,254,56,ci_too_wide,Insufficient data
15.0,111.0,-0.2841,-0.5189,0.1546,,640,65,ci_too_wide,Insufficient data
15.0,117.0,-0.1199,-0.2729,0.085,0.039,186,47,ok,No resolved directional preference
15.0,123.0,0.2228,0.0965,0.4055,0.0436,253,32,ok,Poleward-dominant
15.0,129.0,0.2039,-0.097,0.2925,0.0385,89,20,ok,No resolved directional preference
15.0,135.0,-0.0304,-0.2334,0.1708,0.023,75,33,ok,No resolved directional preference
15.0,141.0,0.0343,-0.2111,0.2039,0.0004,79,37,ok,No resolved directional preference
15.0,147.0,-0.1321,-0.3424,0.0536,-0.0248,89,41,ok,No resolved directional preference
15.0,153.0,0.032,-0.1377,0.1654,-0.0496,249,38,ok,No resolved directional preference
15.0,159.0,0.3547,0.0366,0.5608,,893,49,ci_too_wide,Insufficient data
15.0,165.0,-0.2395,-0.4101,-0.0062,-0.0889,96,45,ok,Equatorward-dominant
15.0,171.0,-0.2449,-0.3716,-0.0908,-0.0969,347,57,ok,Equatorward-dominant
15.0,177.0,0.0284,-0.3093,0.2562,,119,30,ci_too_wide,Insufficient data
21.0,-177.0,0.1979,-0.0403,0.4002,0.037,119,27,ok,No resolved directional preference
21.0,-171.0,0.3074,0.052,0.6481,,44,16,ci_too_wide,Insufficient data
21.0,-165.0,0.0485,-0.0982,0.1982,0.0792,140,44,ok,No resolved directional preference
21.0,-159.0,,,,,19,13,too_few_events,Insufficient data
21.0,-153.0,,,,,19,13,too_few_events,Insufficient data
21.0,-147.0,-0.0006,-0.2984,0.3423,,33,17,ci_too_wide,Insufficient data
21.0,-141.0,0.4841,0.2003,0.7697,,66,14,ci_too_wide,Insufficient data
21.0,-135.0,-0.1952,-0.6401,0.2198,,33,17,ci_too_wide,Insufficient data
21.0,-129.0,0.2241,-0.0747,0.3809,0.0733,179,41,ok,No resolved directional preference
21.0,-123.0,0.2088,-0.175,0.5517,,108,33,ci_too_wide,Insufficient data
21.0,-117.0,0.0414,-0.1659,0.2683,0.0191,117,38,ok,No resolved directional preference
21.0,-111.0,-0.1647,-0.2653,-0.0613,-0.0025,270,39,ok,Equatorward-dominant
21.0,-105.0,-0.1716,-0.421,0.0716,-0.0119,163,37,ok,No resolved directional preference
21.0,-99.0,0.1202,-0.1661,0.3615,,67,27,ci_too_wide,Insufficient data
21.0,-93.0,0.0598,-0.057,0.2224,0.0084,201,53,ok,No resolved directional preference
21.0,-87.0,0.3721,-0.0821,0.6726,,63,26,ci_too_wide,Insufficient data
21.0,-81.0,-0.0265,-0.3725,0.331,,41,22,ci_too_wide,Insufficient data
21.0,-75.0,0.1933,0.0446,0.3938,0.0318,120,48,ok,Poleward-dominant
21.0,-69.0,0.0449,-0.2171,0.2746,0.019,218,42,ok,No resolved directional preference
21.0,-63.0,0.0184,-0.2187,0.3265,,119,29,ci_too_wide,Insufficient data
21.0,-57.0,-0.1184,-0.3125,0.1679,-0.0011,47,24,ok,No resolved directional preference
21.0,-51.0,0.1643,-0.0422,0.3313,0.0007,126,45,ok,No resolved directional preference
21.0,-45.0,-0.1002,-0.2924,0.203,0.0114,132,42,ok,No resolved directional preference
21.0,-39.0,0.0209,-0.1316,0.1312,0.0294,285,54,ok,No resolved directional preference
21.0,-33.0,-0.0859,-0.2813,0.0788,0.0527,174,55,ok,No resolved directional preference
21.0,-27.0,0.2638,0.0671,0.4046,0.0789,95,33,ok,Poleward-dominant
21.0,-21.0,0.1741,-0.0578,0.3425,0.1055,76,40,ok,No resolved directional preference
21.0,-15.0,0.1007,-0.1798,0.3201,0.1305,60,38,ok,No resolved directional preference
21.0,-9.0,-0.1086,-0.2835,0.0846,0.1506,52,35,ok,No resolved directional preference
21.0,-3.0,0.533,0.3215,0.6801,0.1602,265,66,ok,Poleward-dominant
21.0,3.0,0.2616,0.0176,0.4277,0.1554,209,53,ok,Poleward-dominant
21.0,9.0,0.0672,-0.0976,0.2766,0.1392,165,44,ok,No resolved directional preference
21.0,15.0,-0.0294,-0.2281,0.2022,0.1198,109,51,ok,No resolved directional preference
21.0,21.0,-0.052,-0.1906,0.1426,0.1021,84,48,ok,No resolved directional preference
21.0,27.0,0.407,0.1623,0.6093,0.0847,259,65,ok,Poleward-dominant
21.0,33.0,0.0713,-0.0814,0.2172,0.0645,694,105,ok,No resolved directional preference
21.0,39.0,-0.0537,-0.1751,0.0863,0.0424,677,45,ok,No resolved directional preference
21.0,45.0,-0.1436,-0.3126,0.0414,0.0243,111,44,ok,No resolved directional preference
21.0,51.0,-0.0118,-0.1706,0.1241,0.0155,249,67,ok,No resolved directional preference
21.0,57.0,-0.1263,-0.3623,0.166,,107,50,ci_too_wide,Insufficient data
21.0,63.0,0.0742,-0.1769,0.2813,0.0224,119,50,ok,No resolved directional preference
21.0,69.0,-0.3224,-0.4557,-0.1895,0.0294,166,46,ok,Equatorward-dominant
21.0,75.0,0.3431,0.0126,0.4606,0.0349,97,22,ok,Poleward-dominant
21.0,81.0,0.0215,-0.2017,0.2345,0.039,99,34,ok,No resolved directional preference
21.0,87.0,0.0134,-0.2405,0.2431,0.0434,41,27,ok,No resolved directional preference
21.0,93.0,0.005,-0.4101,0.3662,,46,29,ci_too_wide,Insufficient data
21.0,99.0,-0.2163,-0.4893,0.0558,,132,28,ci_too_wide,Insufficient data
21.0,105.0,0.1247,-0.0566,0.2346,0.0574,296,37,ok,No resolved directional preference
21.0,111.0,0.0957,-0.0621,0.2282,0.0489,109,32,ok,No resolved directional preference
21.0,117.0,0.1122,-0.128,0.327,0.0338,354,48,ok,No resolved directional preference
21.0,123.0,-0.3113,-0.4924,-0.001,0.0165,78,25,ok,Equatorward-dominant
21.0,129.0,-0.0909,-0.3723,0.4402,,50,19,ci_too_wide,Insufficient data
21.0,135.0,0.0631,-0.2076,0.1901,-0.0157,112,25,ok,No resolved directional preference
21.0,141.0,0.0184,-0.1753,0.1771,-0.0296,46,22,ok,No resolved directional preference
21.0,147.0,-0.3052,-0.5106,-0.0358,-0.0387,53,31,ok,Equatorward-dominant
21.0,153.0,0.1138,-0.1966,0.3446,,47,25,ci_too_wide,Insufficient data
21.0,159.0,0.425,0.0734,0.606,,259,35,ci_too_wide,Insufficient data
21.0,165.0,0.1668,0.0163,0.4824,-0.0128,1193,43,ok,Poleward-dominant
21.0,171.0,,,,,18,13,too_few_events,Insufficient data
21.0,177.0,-0.197,-0.4171,0.0664,0.0188,153,33,ok,No resolved directional preference
27.0,-177.0,0.0875,-0.1863,0.3266,,31,17,ci_too_wide,Insufficient data
27.0,-171.0,-0.0108,-0.298,0.4033,,38,17,ci_too_wide,Insufficient data
27.0,-165.0,,,,,15,8,too_few_events,Insufficient data
27.0,-159.0,0.4124,0.0945,0.5066,0.2619,96,30,ok,Poleward-dominant
27.0,-153.0,-0.0369,-0.4117,0.4598,,76,20,ci_too_wide,Insufficient data
27.0,-147.0,0.2973,-0.1612,0.5122,,139,36,ci_too_wide,Insufficient data
27.0,-141.0,0.331,0.043,0.5539,,36,21,ci_too_wide,Insufficient data
27.0,-135.0,,,,,12,9,too_few_events,Insufficient data
27.0,-129.0,0.3578,0.0673,0.4793,0.1981,127,29,ok,Poleward-dominant
27.0,-123.0,0.3178,0.056,0.5401,0.1793,141,33,ok,Poleward-dominant
27.0,-117.0,0.1623,-0.1736,0.4424,,154,56,ci_too_wide,Insufficient data
27.0,-111.0,0.2374,0.0725,0.3643,0.1211,140,60,ok,Poleward-dominant
27.0,-105.0,0.0704,-0.0957,0.2184,0.0919,236,55,ok,No resolved directional preference
27.0,-99.0,0.0372,-0.1569,0.2001,0.0681,236,61,ok,No resolved directional preference
27.0,-93.0,0.0701,-0.0598,0.2173,0.0501,99,37,ok,No resolved directional preference
27.0,-87.0,-0.0691,-0.2827,0.1428,0.0352,55,36,ok,No resolved directional preference
27.0,-81.0,-0.0081,-0.2865,0.232,,113,31,ci_too_wide,Insufficient data
27.0,-75.0,0.1193,-0.1305,0.2905,-0.0028,138,48,ok,No resolved directional preference
27.0,-69.0,-0.002,-0.1892,0.1989,-0.0284,83,39,ok,No resolved directional preference
27.0,-63.0,-0.0582,-0.3008,0.1751,-0.0513,30,22,ok,No resolved directional preference
27.0,-57.0,-0.3644,-0.5992,-0.1533,-0.0631,32,27,ok,Equatorward-dominant
27.0,-51.0,0.0236,-0.1134,0.1648,-0.0601,563,83,ok,No resolved directional preference
27.0,-45.0,-0.1281,-0.319,0.0642,-0.0454,175,49,ok,No resolved directional preference
27.0,-39.0,-0.0017,-0.1984,0.2112,-0.026,221,50,ok,No resolved directional preference
27.0,-33.0,0.2641,-0.0108,0.4833,-0.0062,143,41,ok,No resolved directional preference
27.0,-27.0,-0.2988,-0.4376,-0.0933,0.0151,81,36,ok,Equatorward-dominant
27.0,-21.0,0.0391,-0.1329,0.2172,0.0418,122,36,ok,No resolved directional preference
27.0,-15.0,0.1023,-0.1346,0.2819,0.075,172,44,ok,No resolved directional preference
27.0,-9.0,-0.0579,-0.196,0.0786,0.1088,527,51,ok,No resolved directional preference
27.0,-3.0,0.52,0.3416,0.6612,0.1329,126,50,ok,Poleward-dominant
27.0,3.0,0.151,0.0255,0.2549,0.1403,469,78,ok,Poleward-dominant
27.0,9.0,0.1635,-0.0294,0.3516,0.1324,83,47,ok,No resolved directional preference
27.0,15.0,0.201,0.0391,0.3403,0.1176,84,45,ok,Poleward-dominant
27.0,21.0,-0.08,-0.2853,0.1056,0.1057,110,49,ok,No resolved directional preference
27.0,27.0,0.04,-0.1554,0.2387,0.1016,129,41,ok,No resolved directional preference
27.0,33.0,0.1796,0.0445,0.3247,0.1042,336,71,ok,Poleward-dominant
27.0,39.0,0.1741,0.0739,0.2723,0.1097,765,67,ok,Poleward-dominant
27.0,45.0,0.1072,-0.0425,0.2369,0.1142,357,72,ok,No resolved directional preference
27.0,51.0,0.1506,-0.0473,0.3763,0.1137,120,52,ok,No resolved directional preference
27.0,57.0,0.3279,0.1331,0.4339,0.1034,382,52,ok,Poleward-dominant
27.0,63.0,0.0488,-0.2849,0.2664,,260,64,ci_too_wide,Insufficient data
27.0,69.0,0.2604,0.0082,0.4502,0.0496,185,32,ok,Poleward-dominant
27.0,75.0,-0.2632,-0.4153,0.012,0.022,142,27,ok,No resolved directional preference
27.0,81.0,-0.0019,-0.2126,0.2191,0.0076,214,48,ok,No resolved directional preference
27.0,87.0,0.013,-0.221,0.2272,0.0113,120,32,ok,No resolved directional preference
27.0,93.0,-0.2339,-0.4671,0.0156,0.0343,94,35,ok,No resolved directional preference
27.0,99.0,0.3135,0.0776,0.5041,0.0723,354,58,ok,Poleward-dominant
27.0,105.0,0.005,-0.2541,0.2599,,236,40,ci_too_wide,Insufficient data
27.0,111.0,0.3501,0.046,0.532,0.1433,99,38,ok,Poleward-dominant
27.0,117.0,0.0101,-0.1507,0.188,0.156,249,43,ok,No resolved directional preference
27.0,123.0,0.241,0.0524,0.3739,0.152,418,36,ok,Poleward-dominant
27.0,129.0,0.2588,0.0856,0.4503,0.1329,70,34,ok,Poleward-dominant
27.0,135.0,0.3282,-0.2238,0.6844,,41,19,ci_too_wide,Insufficient data
27.0,141.0,0.0831,-0.1716,0.3048,0.0716,47,28,ok,No resolved directional preference
27.0,147.0,0.1477,-0.0838,0.3519,0.0469,64,29,ok,No resolved directional preference
27.0,153.0,-0.0643,-0.1889,0.0943,0.0343,137,45,ok,No resolved directional preference
27.0,159.0,0.0119,-0.1883,0.203,0.0346,271,44,ok,No resolved directional preference
27.0,165.0,0.0508,-0.2294,0.336,,38,26,ci_too_wide,Insufficient data
27.0,171.0,,,,,19,15,too_few_events,Insufficient data
27.0,177.0,0.1958,-0.1168,0.3085,0.1029,214,26,ok,No resolved directional preference
33.0,-177.0,0.1565,0.0111,0.3371,0.0986,106,48,ok,Poleward-dominant
33.0,-171.0,0.1028,-0.0463,0.3645,0.128,83,33,ok,No resolved directional preference
33.0,-165.0,0.1254,-0.1492,0.381,,52,26,ci_too_wide,Insufficient data
33.0,-159.0,0.3371,0.1858,0.4531,0.1537,124,27,ok,Poleward-dominant
33.0,-153.0,0.0437,-0.2444,0.3874,,46,20,ci_too_wide,Insufficient data
33.0,-147.0,0.1682,0.0106,0.3292,0.0947,121,47,ok,Poleward-dominant
33.0,-141.0,-0.0764,-0.2945,0.1625,0.0613,68,36,ok,No resolved directional preference
33.0,-135.0,-0.0356,-0.2258,0.1833,0.0424,64,34,ok,No resolved directional preference
33.0,-129.0,-0.0926,-0.2098,0.0383,0.0406,294,57,ok,No resolved directional preference
33.0,-123.0,-0.1033,-0.18,0.2436,0.0515,196,33,ok,No resolved directional preference
33.0,-117.0,0.1851,0.0376,0.3105,0.0675,156,62,ok,Poleward-dominant
33.0,-111.0,0.0934,-0.136,0.3032,0.0812,107,41,ok,No resolved directional preference
33.0,-105.0,0.0167,-0.143,0.1567,0.0876,89,46,ok,No resolved directional preference
33.0,-99.0,-0.0293,-0.2253,0.2886,,304,52,ci_too_wide,Insufficient data
33.0,-93.0,0.1365,-0.0342,0.3445,0.0748,56,31,ok,No resolved directional preference
33.0,-87.0,0.1724,-0.0385,0.3047,0.059,100,32,ok,No resolved directional preference
33.0,-81.0,-0.057,-0.253,0.1473,0.0411,63,40,ok,No resolved directional preference
33.0,-75.0,-0.0672,-0.2719,0.1597,0.023,44,30,ok,No resolved directional preference
33.0,-69.0,0.1881,0.04,0.3282,0.0052,111,38,ok,Poleward-dominant
33.0,-63.0,-0.2584,-0.4208,-0.1286,-0.0114,60,30,ok,Equatorward-dominant
33.0,-57.0,0.1078,-0.1814,0.3218,,27,18,ci_too_wide,Insufficient data
33.0,-51.0,-0.0224,-0.2683,0.2873,,47,29,ci_too_wide,Insufficient data
33.0,-45.0,-0.0147,-0.1649,0.1631,-0.0362,87,38,ok,No resolved directional preference
33.0,-39.0,-0.0923,-0.3362,0.1162,-0.0352,50,33,ok,No resolved directional preference
33.0,-33.0,-0.1818,-0.3653,0.0258,-0.0305,87,33,ok,No resolved directional preference
33.0,-27.0,-0.0267,-0.3526,0.264,,26,19,ci_too_wide,Insufficient data
33.0,-21.0,0.0242,-0.1833,0.2145,-0.011,63,32,ok,No resolved directional preference
33.0,-15.0,0.0117,-0.1774,0.1875,0.0005,66,32,ok,No resolved directional preference
33.0,-9.0,0.1443,-0.2352,0.5118,,70,33,ci_too_wide,Insufficient data
33.0,-3.0,-0.0906,-0.234,0.0581,0.0235,114,49,ok,No resolved directional preference
33.0,3.0,-0.1004,-0.2471,0.044,0.0375,188,46,ok,No resolved directional preference
33.0,9.0,0.0357,-0.0737,0.1434,0.0527,193,62,ok,No resolved directional preference
33.0,15.0,0.0766,-0.0839,0.2454,0.0663,78,41,ok,No resolved directional preference
33.0,21.0,0.1022,-0.0659,0.2973,0.0748,76,47,ok,No resolved directional preference
33.0,27.0,0.1347,-0.0207,0.2597,0.0759,829,93,ok,No resolved directional preference
33.0,33.0,0.1098,-0.0002,0.2119,0.0688,2534,102,ok,No resolved directional preference
33.0,39.0,0.0585,-0.0628,0.1683,0.055,1037,103,ok,No resolved directional preference
33.0,45.0,0.1646,-0.0678,0.3327,0.0386,877,101,ok,No resolved directional preference
33.0,51.0,-0.1713,-0.3149,-0.0168,0.0244,108,42,ok,Equatorward-dominant
33.0,57.0,-0.1241,-0.2374,-0.0056,0.0165,1298,110,ok,Equatorward-dominant
33.0,63.0,-0.0112,-0.2077,0.1691,0.0152,87,29,ok,No resolved directional preference
33.0,69.0,0.1009,-0.0793,0.3041,0.0167,457,52,ok,No resolved directional preference
33.0,75.0,-0.0505,-0.132,0.0632,0.0166,266,45,ok,No resolved directional preference
33.0,81.0,0.0243,-0.1334,0.183,0.0138,91,32,ok,No resolved directional preference
33.0,87.0,0.1267,-0.0852,0.2811,0.0118,426,35,ok,No resolved directional preference
33.0,93.0,-0.2124,-0.4145,0.067,0.0175,67,31,ok,No resolved directional preference
33.0,99.0,-0.1439,-0.2809,0.0063,0.0373,233,81,ok,No resolved directional preference
33.0,105.0,0.1394,-0.006,0.2589,0.0717,425,93,ok,No resolved directional preference
33.0,111.0,0.2315,0.0662,0.3739,0.1124,323,48,ok,Poleward-dominant
33.0,117.0,-0.1991,-0.4909,0.1631,,223,24,ci_too_wide,Insufficient data
33.0,123.0,0.4312,0.2974,0.5821,0.1414,48,27,ok,Poleward-dominant
33.0,129.0,0.0598,-0.3175,0.4259,,43,25,ci_too_wide,Insufficient data
33.0,135.0,,,,,20,13,too_few_events,Insufficient data
33.0,141.0,-0.1644,-0.3214,0.0407,0.0016,244,67,ok,No resolved directional preference
33.0,147.0,-0.2671,-0.421,-0.0529,-0.0084,68,37,ok,Equatorward-dominant
33.0,153.0,0.2724,-0.1885,0.5898,,327,43,ci_too_wide,Insufficient data
33.0,159.0,0.1728,-0.0653,0.3632,0.0219,48,26,ok,No resolved directional preference
33.0,165.0,0.0839,-0.05,0.2315,0.0384,618,67,ok,No resolved directional preference
33.0,171.0,-0.1867,-0.3407,-0.0605,0.0536,347,65,ok,Equatorward-dominant
33.0,177.0,0.0639,-0.0637,0.1832,0.0728,79,33,ok,No resolved directional preference
39.0,-177.0,0.0676,-0.0386,0.1691,0.1162,198,62,ok,No resolved directional preference
39.0,-171.0,0.2263,0.096,0.3893,0.1241,269,60,ok,Poleward-dominant
39.0,-165.0,0.1691,0.0744,0.2657,0.1303,327,58,ok,Poleward-dominant
39.0,-159.0,0.1501,-0.0385,0.3556,0.1313,119,40,ok,No resolved directional preference
39.0,-153.0,0.0705,-0.1397,0.2881,0.1278,48,30,ok,No resolved directional preference
39.0,-147.0,0.0734,-0.1907,0.2996,0.1234,30,22,ok,No resolved directional preference
39.0,-141.0,0.2042,0.0208,0.3721,0.1224,205,50,ok,Poleward-dominant
39.0,-135.0,-0.5656,-0.741,-0.1474,,290,29,ci_too_wide,Insufficient data
39.0,-129.0,0.2327,0.0582,0.4154,0.1442,133,31,ok,Poleward-dominant
39.0,-123.0,,,,,23,15,too_few_events,Insufficient data
39.0,-117.0,0.4228,0.009,0.6318,,163,39,ci_too_wide,Insufficient data
39.0,-111.0,0.3109,0.1115,0.4863,0.2022,236,32,ok,Poleward-dominant
39.0,-105.0,0.2246,-0.0291,0.4627,0.1994,103,41,ok,No resolved directional preference
39.0,-99.0,-0.125,-0.3401,0.1991,,121,36,ci_too_wide,Insufficient data
39.0,-93.0,-0.0003,-0.2352,0.3301,,48,28,ci_too_wide,Insufficient data
39.0,-87.0,0.1933,-0.059,0.4523,,31,27,ci_too_wide,Insufficient data
39.0,-81.0,0.0312,-0.1387,0.1901,0.1238,82,41,ok,No resolved directional preference
39.0,-75.0,0.173,0.0199,0.2969,0.1206,256,71,ok,Poleward-dominant
39.0,-69.0,0.1255,-0.0608,0.2878,0.1205,61,44,ok,No resolved directional preference
39.0,-63.0,0.186,-0.0677,0.3459,0.1191,96,41,ok,No resolved directional preference
39.0,-57.0,0.2415,0.0723,0.4075,0.1145,43,36,ok,Poleward-dominant
39.0,-51.0,0.0787,-0.1338,0.2785,0.1069,58,31,ok,No resolved directional preference
39.0,-45.0,0.0556,-0.0932,0.2038,0.0976,159,71,ok,No resolved directional preference
39.0,-39.0,0.1102,-0.0902,0.2238,0.0868,231,54,ok,No resolved directional preference
39.0,-33.0,0.2976,0.1302,0.4271,0.0735,129,55,ok,Poleward-dominant
39.0,-27.0,0.0582,-0.1845,0.2917,0.0587,31,29,ok,No resolved directional preference
39.0,-21.0,-0.06,-0.1807,0.101,0.0474,285,60,ok,No resolved directional preference
39.0,-15.0,0.0009,-0.209,0.1154,0.0456,243,52,ok,No resolved directional preference
39.0,-9.0,0.0373,-0.1559,0.1964,0.0553,68,46,ok,No resolved directional preference
39.0,-3.0,0.0675,-0.087,0.2538,0.0725,890,67,ok,No resolved directional preference
39.0,3.0,0.1424,-0.0358,0.2917,0.0893,525,46,ok,No resolved directional preference
39.0,9.0,0.1794,0.0776,0.2677,0.0973,1028,107,ok,Poleward-dominant
39.0,15.0,0.1431,0.0092,0.2929,0.0916,124,48,ok,Poleward-dominant
39.0,21.0,0.167,0.0296,0.2919,0.0726,123,62,ok,Poleward-dominant
39.0,27.0,0.043,-0.1239,0.2439,0.046,1065,77,ok,No resolved directional preference
39.0,33.0,-0.1085,-0.2544,0.0223,0.0222,1440,122,ok,No resolved directional preference
39.0,39.0,-0.1768,-0.2938,-0.0548,0.0105,1297,138,ok,Equatorward-dominant
39.0,45.0,-0.1034,-0.2402,0.0508,0.0144,1738,118,ok,No resolved directional preference
39.0,51.0,0.1798,0.0164,0.3258,0.0305,622,117,ok,Poleward-dominant
39.0,57.0,-0.0356,-0.1174,0.0739,0.0518,1227,102,ok,No resolved directional preference
39.0,63.0,0.2665,0.1157,0.4176,0.0726,255,71,ok,Poleward-dominant
39.0,69.0,-0.1111,-0.2902,0.0757,0.0898,116,52,ok,No resolved directional preference
39.0,75.0,0.2742,-0.0202,0.4151,0.1008,225,49,ok,No resolved directional preference
39.0,81.0,0.0683,-0.1368,0.2335,0.1024,95,36,ok,No resolved directional preference
39.0,87.0,0.2555,0.0601,0.4352,0.0934,85,38,ok,Poleward-dominant
39.0,93.0,0.2072,0.0325,0.3744,0.0781,85,33,ok,Poleward-dominant
39.0,99.0,-0.0713,-0.2618,0.1327,0.0652,249,69,ok,No resolved directional preference
39.0,105.0,-0.3209,-0.4436,-0.1684,0.061,636,108,ok,Equatorward-dominant
39.0,111.0,0.3877,0.1168,0.5437,0.063,189,40,ok,Poleward-dominant
39.0,117.0,0.1477,0.0627,0.2319,0.0626,377,55,ok,Poleward-dominant
39.0,123.0,-0.1047,-0.2966,0.1497,0.0542,60,27,ok,No resolved directional preference
39.0,129.0,,,,,20,17,too_few_events,Insufficient data
39.0,135.0,-0.1199,-0.2956,0.0856,0.0455,51,28,ok,No resolved directional preference
39.0,141.0,-0.1398,-0.2291,-0.0043,0.0646,212,35,ok,Equatorward-dominant
39.0,147.0,0.3327,0.1592,0.4336,0.0939,649,78,ok,Poleward-dominant
39.0,153.0,0.213,0.0746,0.3336,0.1196,968,99,ok,Poleward-dominant
39.0,159.0,0.2285,0.1295,0.3289,0.1313,129,48,ok,Poleward-dominant
39.0,165.0,-0.2707,-0.5452,0.1802,,73,30,ci_too_wide,Insufficient data
39.0,171.0,0.0912,-0.0896,0.2336,0.118,207,61,ok,No resolved directional preference
39.0,177.0,0.0813,-0.0396,0.2352,0.1129,357,60,ok,No resolved directional preference
45.0,-177.0,0.0193,-0.1011,0.1457,0.0776,301,81,ok,No resolved directional preference
45.0,-171.0,0.0514,-0.0962,0.1846,0.0848,605,70,ok,No resolved directional preference
45.0,-165.0,0.0648,-0.154,0.2547,0.0968,416,78,ok,No resolved directional preference
45.0,-159.0,0.1759,0.0302,0.2996,0.1053,223,65,ok,Poleward-dominant
45.0,-153.0,0.2881,0.18,0.3908,0.1058,413,51,ok,Poleward-dominant
45.0,-147.0,0.0065,-0.206,0.2187,0.0996,27,22,ok,No resolved directional preference
45.0,-141.0,-0.0088,-0.1229,0.1321,0.0928,173,26,ok,No resolved directional preference
45.0,-135.0,0.033,-0.1159,0.1953,0.095,54,22,ok,No resolved directional preference
45.0,-129.0,0.0768,-0.2498,0.3875,,60,22,ci_too_wide,Insufficient data
45.0,-123.0,-0.1753,-0.4137,0.1377,,109,33,ci_too_wide,Insufficient data
45.0,-117.0,-0.1361,-0.4377,0.2731,,206,44,ci_too_wide,Insufficient data
45.0,-111.0,0.35,0.2601,0.459,0.2093,148,34,ok,Poleward-dominant
45.0,-105.0,0.3127,0.0837,0.5049,0.209,66,27,ok,Poleward-dominant
45.0,-99.0,-0.0033,-0.2362,0.2307,0.2003,110,30,ok,No resolved directional preference
45.0,-93.0,0.211,0.0697,0.3336,0.1884,89,39,ok,Poleward-dominant
45.0,-87.0,0.4501,0.1694,0.586,0.1744,143,32,ok,Poleward-dominant
45.0,-81.0,0.0304,-0.1295,0.1998,0.1572,80,33,ok,No resolved directional preference
45.0,-75.0,0.1927,0.0154,0.2992,0.1368,153,37,ok,Poleward-dominant
45.0,-69.0,0.1316,-0.0132,0.2699,0.1146,209,51,ok,No resolved directional preference
45.0,-63.0,0.1377,-0.0092,0.2595,0.0933,105,45,ok,No resolved directional preference
45.0,-57.0,-0.0609,-0.2207,0.1095,0.0761,48,31,ok,No resolved directional preference
45.0,-51.0,0.0538,-0.0386,0.1153,0.0645,137,30,ok,No resolved directional preference
45.0,-45.0,0.0966,-0.0636,0.2362,0.0568,279,45,ok,No resolved directional preference
45.0,-39.0,0.0997,0.0006,0.187,0.0494,524,82,ok,Poleward-dominant
45.0,-33.0,0.0565,-0.0877,0.1946,0.0409,130,66,ok,No resolved directional preference
45.0,-27.0,-0.1077,-0.2468,0.0316,0.0336,703,71,ok,No resolved directional preference
45.0,-21.0,0.0348,-0.1047,0.2123,0.0338,81,42,ok,No resolved directional preference
45.0,-15.0,-0.0362,-0.2292,0.1318,0.0454,219,46,ok,No resolved directional preference
45.0,-9.0,-0.0247,-0.097,0.061,0.0664,939,92,ok,No resolved directional preference
45.0,-3.0,0.2288,0.0843,0.3361,0.0887,1391,102,ok,Poleward-dominant
45.0,3.0,0.2133,0.0796,0.3301,0.1031,1549,153,ok,Poleward-dominant
45.0,9.0,0.2405,0.1138,0.4921,0.1049,518,90,ok,Poleward-dominant
45.0,15.0,-0.0219,-0.1723,0.1476,0.0966,1363,124,ok,No resolved directional preference
45.0,21.0,0.1015,0.0064,0.1974,0.0848,762,110,ok,Poleward-dominant
45.0,27.0,0.0314,-0.0895,0.1405,0.0753,5953,146,ok,No resolved directional preference
45.0,33.0,0.1616,0.0699,0.2581,0.0713,2051,141,ok,Poleward-dominant
45.0,39.0,-0.0027,-0.0875,0.0716,0.0733,6826,173,ok,No resolved directional preference
45.0,45.0,0.1342,-0.035,0.2946,0.0806,4811,157,ok,No resolved directional preference
45.0,51.0,0.117,0.0072,0.2105,0.0916,2787,123,ok,Poleward-dominant
45.0,57.0,0.1444,-0.0018,0.2898,0.1039,1721,111,ok,No resolved directional preference
45.0,63.0,0.0308,-0.0803,0.1475,0.1154,294,81,ok,No resolved directional preference
45.0,69.0,0.1712,0.0852,0.2412,0.1243,722,83,ok,Poleward-dominant
45.0,75.0,0.2211,0.0489,0.3868,0.1287,106,51,ok,Poleward-dominant
45.0,81.0,0.0572,-0.0629,0.2327,0.1271,129,24,ok,No resolved directional preference
45.0,87.0,0.09,-0.1841,0.3271,,35,22,ci_too_wide,Insufficient data
45.0,93.0,0.1476,-0.0817,0.3653,0.1137,42,28,ok,No resolved directional preference
45.0,99.0,0.0888,-0.1443,0.2661,0.1113,446,68,ok,No resolved directional preference
45.0,105.0,-0.0651,-0.2379,0.11,0.1145,84,39,ok,No resolved directional preference
45.0,111.0,0.1803,-0.0018,0.3267,0.12,141,50,ok,No resolved directional preference
45.0,117.0,0.2004,0.0342,0.3421,0.1227,280,49,ok,Poleward-dominant
45.0,123.0,0.0982,-0.0386,0.2201,0.12,169,48,ok,No resolved directional preference
45.0,129.0,0.1208,0.0042,0.2584,0.1142,301,60,ok,Poleward-dominant
45.0,135.0,0.1345,-0.0355,0.2775,0.1115,162,31,ok,No resolved directional preference
45.0,141.0,0.024,-0.1151,0.1446,0.1166,722,39,ok,No resolved directional preference
45.0,147.0,0.0944,-0.0163,0.2107,0.1277,294,60,ok,No resolved directional preference
45.0,153.0,0.1449,-0.0102,0.296,0.1368,152,47,ok,No resolved directional preference
45.0,159.0,0.426,0.3024,0.5384,0.1351,100,37,ok,Poleward-dominant
45.0,165.0,0.1527,0.0378,0.2711,0.1203,200,67,ok,Poleward-dominant
45.0,171.0,0.0733,-0.0427,0.203,0.099,387,99,ok,No resolved directional preference
45.0,177.0,-0.0354,-0.1333,0.077,0.0822,355,82,ok,No resolved directional preference
51.0,-177.0,0.0921,-0.0243,0.2142,0.0528,180,56,ok,No resolved directional preference
51.0,-171.0,0.0557,-0.0963,0.2074,0.0742,1071,75,ok,No resolved directional preference
51.0,-165.0,0.1818,0.013,0.3297,0.093,330,78,ok,Poleward-dominant
51.0,-159.0,0.0775,-0.0355,0.2174,0.1064,280,51,ok,No resolved directional preference
51.0,-153.0,0.078,-0.0224,0.172,0.1131,547,51,ok,No resolved directional preference
51.0,-147.0,0.0646,-0.062,0.1855,0.1136,176,49,ok,No resolved directional preference
51.0,-141.0,0.1689,-0.0181,0.3134,0.1097,92,43,ok,No resolved directional preference
51.0,-135.0,0.156,0.0061,0.3074,0.1051,69,21,ok,Poleward-dominant
51.0,-129.0,0.011,-0.1596,0.1638,0.1046,51,16,ok,No resolved directional preference
51.0,-123.0,0.1161,-0.0386,0.2884,0.1111,64,24,ok,No resolved directional preference
51.0,-117.0,0.0482,-0.0986,0.1916,0.1221,49,19,ok,No resolved directional preference
51.0,-111.0,0.2924,0.0934,0.5224,0.1314,35,24,ok,Poleward-dominant
51.0,-105.0,0.0275,-0.1287,0.1368,0.134,163,38,ok,No resolved directional preference
51.0,-99.0,0.2613,0.0996,0.4814,0.1296,70,31,ok,Poleward-dominant
51.0,-93.0,0.0508,-0.0894,0.175,0.1211,123,32,ok,No resolved directional preference
51.0,-87.0,0.012,-0.0987,0.1925,0.1109,848,37,ok,No resolved directional preference
51.0,-81.0,0.0096,-0.0985,0.1169,0.0992,164,54,ok,No resolved directional preference
51.0,-75.0,0.1366,0.022,0.2515,0.0833,205,52,ok,Poleward-dominant
51.0,-69.0,0.1601,0.015,0.2956,0.0619,60,35,ok,Poleward-dominant
51.0,-63.0,0.0003,-0.1312,0.1378,0.0379,234,52,ok,No resolved directional preference
51.0,-57.0,-0.1686,-0.3076,0.0739,0.0194,73,31,ok,No resolved directional preference
51.0,-51.0,0.0124,-0.1342,0.1496,0.0129,146,46,ok,No resolved directional preference
51.0,-45.0,-0.0216,-0.1482,0.0781,0.0184,1605,60,ok,No resolved directional preference
51.0,-39.0,-0.0177,-0.1396,0.0828,0.0298,1182,58,ok,No resolved directional preference
51.0,-33.0,0.1181,-0.0153,0.2655,0.0401,1515,95,ok,No resolved directional preference
51.0,-27.0,0.1031,-0.0307,0.2255,0.0454,862,93,ok,No resolved directional preference
51.0,-21.0,0.0599,-0.0167,0.1294,0.0463,1004,122,ok,No resolved directional preference
51.0,-15.0,-0.0609,-0.1572,0.0496,0.046,933,115,ok,No resolved directional preference
51.0,-9.0,0.1179,0.0267,0.2097,0.0464,3022,125,ok,Poleward-dominant
51.0,-3.0,0.1488,0.0567,0.2403,0.0469,1289,146,ok,Poleward-dominant
51.0,3.0,-0.1319,-0.2329,-0.0183,0.0465,2195,144,ok,Equatorward-dominant
51.0,9.0,0.1173,0.0309,0.2223,0.0458,736,88,ok,Poleward-dominant
51.0,15.0,-0.0505,-0.1765,0.0832,0.0467,3261,126,ok,No resolved directional preference
51.0,21.0,-0.0633,-0.2027,0.0594,0.0503,2350,135,ok,No resolved directional preference
51.0,27.0,0.1241,0.0188,0.2327,0.0552,1159,125,ok,Poleward-dominant
51.0,33.0,0.1237,0.0502,0.2392,0.059,2982,128,ok,Poleward-dominant
51.0,39.0,0.1264,-0.0079,0.1919,0.0618,1646,107,ok,No resolved directional preference
51.0,45.0,-0.1551,-0.348,0.0239,0.0668,1476,99,ok,No resolved directional preference
51.0,51.0,0.1682,0.0366,0.2909,0.0775,862,125,ok,Poleward-dominant
51.0,57.0,0.1797,0.0247,0.3293,0.0938,488,128,ok,Poleward-dominant
51.0,63.0,-0.0398,-0.1782,0.1023,0.1126,446,75,ok,No resolved directional preference
51.0,69.0,0.3913,0.1853,0.5242,0.1287,451,63,ok,Poleward-dominant
51.0,75.0,0.0213,-0.1283,0.1985,0.1394,346,66,ok,No resolved directional preference
51.0,81.0,0.2228,0.107,0.3617,0.1468,551,42,ok,Poleward-dominant
51.0,87.0,0.1084,-0.2595,0.3728,,50,20,ci_too_wide,Insufficient data
51.0,93.0,0.1515,0.0128,0.3115,0.1746,120,37,ok,Poleward-dominant
51.0,99.0,-0.0891,-0.2834,0.1518,0.1974,51,23,ok,No resolved directional preference
51.0,105.0,0.7654,0.6666,0.8495,0.2167,52,24,ok,Poleward-dominant
51.0,111.0,0.1924,0.0064,0.4253,0.2243,57,20,ok,Poleward-dominant
51.0,117.0,0.2148,0.0595,0.3741,0.2174,147,31,ok,Poleward-dominant
51.0,123.0,0.2598,0.1482,0.3589,0.1987,219,33,ok,Poleward-dominant
51.0,129.0,0.1839,-0.0145,0.3688,0.1725,38,22,ok,No resolved directional preference
51.0,135.0,0.0081,-0.0768,0.1282,0.1432,604,37,ok,No resolved directional preference
51.0,141.0,-0.0516,-0.3156,0.2195,,108,23,ci_too_wide,Insufficient data
51.0,147.0,0.2298,0.091,0.3375,0.0837,72,34,ok,Poleward-dominant
51.0,153.0,-0.0319,-0.1905,0.1135,0.0569,363,71,ok,No resolved directional preference
51.0,159.0,0.0371,-0.1344,0.186,0.0359,1443,87,ok,No resolved directional preference
51.0,165.0,-0.1055,-0.2627,0.0876,0.0239,1805,48,ok,No resolved directional preference
51.0,171.0,-0.0961,-0.2643,0.0824,0.0232,320,59,ok,No resolved directional preference
51.0,177.0,0.0568,-0.099,0.2055,0.034,279,78,ok,No resolved directional preference
57.0,-177.0,-0.0611,-0.2237,0.0994,0.0437,100,36,ok,No resolved directional preference
57.0,-171.0,0.1214,-0.0198,0.2828,0.0753,131,38,ok,No resolved directional preference
57.0,-165.0,0.165,-0.0042,0.3293,0.1145,352,58,ok,No resolved directional preference
57.0,-159.0,0.0275,-0.0634,0.2075,0.1538,168,31,ok,No resolved directional preference
57.0,-153.0,0.363,0.1824,0.4566,0.1818,241,31,ok,Poleward-dominant
57.0,-147.0,0.4621,0.3277,0.5534,0.1858,333,39,ok,Poleward-dominant
57.0,-141.0,0.1115,-0.1997,0.4033,,30,16,ci_too_wide,Insufficient data
57.0,-135.0,0.1587,-0.0345,0.3586,0.1225,105,32,ok,No resolved directional preference
57.0,-129.0,-0.2884,-0.4082,-0.0996,0.0894,132,22,ok,Equatorward-dominant
57.0,-123.0,0.1072,-0.1169,0.4157,,102,25,ci_too_wide,Insufficient data
57.0,-117.0,0.2643,0.1428,0.4375,0.0835,41,16,ok,Poleward-dominant
57.0,-111.0,,,,,19,11,too_few_events,Insufficient data
57.0,-105.0,-0.0684,-0.2832,0.1205,0.1164,133,31,ok,No resolved directional preference
57.0,-99.0,0.1161,-0.097,0.2719,0.1355,51,26,ok,No resolved directional preference
57.0,-93.0,0.183,0.068,0.3353,0.1539,200,35,ok,Poleward-dominant
57.0,-87.0,0.3207,0.167,0.4783,0.1665,84,27,ok,Poleward-dominant
57.0,-81.0,0.2286,0.0289,0.4014,0.1672,70,28,ok,Poleward-dominant
57.0,-75.0,0.1783,0.0285,0.3083,0.1505,62,27,ok,Poleward-dominant
57.0,-69.0,,,,,21,10,too_few_events,Insufficient data
57.0,-63.0,,,,,24,17,too_few_events,Insufficient data
57.0,-57.0,0.2323,-0.049,0.4883,,53,23,ci_too_wide,Insufficient data
57.0,-51.0,-0.048,-0.2135,0.1195,0.0476,218,59,ok,No resolved directional preference
57.0,-45.0,0.0339,-0.0592,0.134,0.056,1309,74,ok,No resolved directional preference
57.0,-39.0,0.0758,-0.0814,0.2524,0.0645,826,64,ok,No resolved directional preference
57.0,-33.0,0.1594,0.0099,0.3024,0.0661,1521,79,ok,Poleward-dominant
57.0,-27.0,0.1214,-0.0176,0.2491,0.0583,756,51,ok,No resolved directional preference
57.0,-21.0,0.0562,-0.0516,0.2256,0.0441,381,54,ok,No resolved directional preference
57.0,-15.0,-0.0941,-0.212,0.0913,0.0308,87,25,ok,No resolved directional preference
57.0,-9.0,0.0292,-0.1386,0.2061,0.0259,97,36,ok,No resolved directional preference
57.0,-3.0,-0.0985,-0.2514,0.1612,0.0323,62,31,ok,No resolved directional preference
57.0,3.0,0.1367,0.0352,0.2795,0.0466,455,49,ok,Poleward-dominant
57.0,9.0,0.1523,0.0324,0.2579,0.0616,269,63,ok,Poleward-dominant
57.0,15.0,0.1477,0.0265,0.2582,0.0703,684,76,ok,Poleward-dominant
57.0,21.0,0.143,0.0386,0.2197,0.0695,1299,59,ok,Poleward-dominant
57.0,27.0,0.0322,-0.1281,0.2168,0.0588,1257,71,ok,No resolved directional preference
57.0,33.0,0.1295,0.0407,0.2399,0.0402,503,71,ok,Poleward-dominant
57.0,39.0,-0.0234,-0.1818,0.1088,0.0185,981,120,ok,No resolved directional preference
57.0,45.0,-0.0094,-0.1199,0.1019,0.002,384,102,ok,No resolved directional preference
57.0,51.0,-0.1077,-0.2308,0.0167,-0.0007,966,115,ok,No resolved directional preference
57.0,57.0,-0.1653,-0.2693,-0.0603,0.0142,450,97,ok,Equatorward-dominant
57.0,63.0,-0.0195,-0.2438,0.208,0.0414,375,55,ok,No resolved directional preference
57.0,69.0,0.2769,0.1344,0.416,0.0684,143,35,ok,Poleward-dominant
57.0,75.0,0.2508,0.0784,0.4368,0.0846,42,30,ok,Poleward-dominant
57.0,81.0,-0.0689,-0.2329,0.0916,0.0877,82,25,ok,No resolved directional preference
57.0,87.0,0.0624,-0.2439,0.1832,0.0848,110,16,ok,No resolved directional preference
57.0,93.0,0.2779,-0.0786,0.5578,,35,15,ci_too_wide,Insufficient data
57.0,99.0,-0.0241,-0.1512,0.1665,0.0992,174,34,ok,No resolved directional preference
57.0,105.0,0.0932,-0.024,0.1802,0.1197,277,83,ok,No resolved directional preference
57.0,111.0,0.279,0.0306,0.465,0.1412,46,17,ok,Poleward-dominant
57.0,117.0,,,,,10,8,too_few_events,Insufficient data
57.0,123.0,0.2204,0.0867,0.314,0.1639,127,27,ok,Poleward-dominant
57.0,129.0,0.2526,-0.03,0.5167,,31,20,ci_too_wide,Insufficient data
57.0,135.0,0.3306,0.0996,0.489,0.1367,50,24,ok,Poleward-dominant
57.0,141.0,-0.243,-0.5364,0.1571,,67,28,ci_too_wide,Insufficient data
57.0,147.0,0.0665,-0.0608,0.1787,0.0605,804,72,ok,No resolved directional preference
57.0,153.0,0.2098,-0.0873,0.4727,,441,37,ci_too_wide,Insufficient data
57.0,159.0,-0.1826,-0.3973,0.0655,0.0101,93,35,ok,No resolved directional preference
57.0,165.0,0.1117,-0.0735,0.2535,0.0058,163,39,ok,No resolved directional preference
57.0,171.0,0.1324,-0.0126,0.3011,0.0103,378,45,ok,No resolved directional preference
57.0,177.0,-0.13,-0.2791,0.0174,0.0224,588,52,ok,No resolved directional preference
63.0,-177.0,0.0649,-0.089,0.2176,0.0056,94,32,ok,No resolved directional preference
63.0,-171.0,-0.2083,-0.415,0.0833,0.0271,348,22,ok,No resolved directional preference
63.0,-165.0,0.0665,-0.2848,0.3002,,87,24,ci_too_wide,Insufficient data
63.0,-159.0,0.3698,0.0516,0.5251,0.0985,89,22,ok,Poleward-dominant
63.0,-153.0,,,,,3,3,too_few_events,Insufficient data
63.0,-147.0,,,,,18,11,too_few_events,Insufficient data
63.0,-141.0,-0.115,-0.3759,0.2446,,57,15,ci_too_wide,Insufficient data
63.0,-135.0,,,,,2,2,too_few_events,Insufficient data
63.0,-129.0,,,,,22,15,too_few_events,Insufficient data
63.0,-123.0,,,,,11,8,too_few_events,Insufficient data
63.0,-117.0,0.1291,-0.0561,0.2864,0.0646,37,12,ok,No resolved directional preference
63.0,-111.0,,,,,11,6,too_few_events,Insufficient data
63.0,-105.0,,,,,19,11,too_few_events,Insufficient data
63.0,-99.0,-0.1003,-0.3502,0.5572,,36,12,ci_too_wide,Insufficient data
63.0,-93.0,,,,,18,14,too_few_events,Insufficient data
63.0,-87.0,-0.649,-0.8062,0.1266,,157,16,ci_too_wide,Insufficient data
63.0,-81.0,-0.1068,-0.3354,0.1923,,30,10,ci_too_wide,Insufficient data
63.0,-75.0,,,,,23,15,too_few_events,Insufficient data
63.0,-69.0,,,,,15,13,too_few_events,Insufficient data
63.0,-63.0,-0.198,-0.3266,-0.0947,0.0305,348,70,ok,Equatorward-dominant
63.0,-57.0,0.0027,-0.1085,0.1268,0.0559,176,26,ok,No resolved directional preference
63.0,-51.0,0.1526,-0.058,0.4094,0.0794,80,11,ok,No resolved directional preference
63.0,-45.0,0.3218,0.1286,0.4783,0.0921,84,27,ok,Poleward-dominant
63.0,-39.0,0.107,0.0381,0.1827,0.0904,1172,63,ok,Poleward-dominant
63.0,-33.0,0.0932,-0.0729,0.3042,0.0759,413,47,ok,No resolved directional preference
63.0,-27.0,0.0681,-0.1333,0.238,0.0529,253,43,ok,No resolved directional preference
63.0,-21.0,0.0485,-0.1544,0.268,0.0258,347,53,ok,No resolved directional preference
63.0,-15.0,0.0324,-0.2184,0.1518,-0.0014,74,27,ok,No resolved directional preference
63.0,-9.0,-0.0857,-0.2372,0.0531,-0.0244,141,42,ok,No resolved directional preference
63.0,-3.0,-0.124,-0.2885,0.0536,-0.0381,53,28,ok,No resolved directional preference
63.0,3.0,-0.202,-0.443,0.2405,,391,32,ci_too_wide,Insufficient data
63.0,9.0,-0.0534,-0.2309,0.1653,-0.0292,350,42,ok,No resolved directional preference
63.0,15.0,-0.0834,-0.2233,0.0443,-0.0153,167,44,ok,No resolved directional preference
63.0,21.0,-0.042,-0.2002,0.1072,-0.0047,117,21,ok,No resolved directional preference
63.0,27.0,0.0676,-0.1134,0.3037,-0.0024,197,20,ok,No resolved directional preference
63.0,33.0,0.1532,0.0285,0.2908,-0.01,204,40,ok,Poleward-dominant
63.0,39.0,-0.1078,-0.239,0.0097,-0.0245,288,46,ok,No resolved directional preference
63.0,45.0,0.0486,-0.1464,0.1953,-0.0377,327,42,ok,No resolved directional preference
63.0,51.0,-0.2719,-0.3804,-0.0737,-0.0402,305,64,ok,Equatorward-dominant
63.0,57.0,-0.0417,-0.2562,0.1382,-0.0263,45,22,ok,No resolved directional preference
63.0,63.0,0.0009,-0.1728,0.2461,0.0005,262,34,ok,No resolved directional preference
63.0,69.0,0.1383,-0.0742,0.3302,0.0289,141,49,ok,No resolved directional preference
63.0,75.0,0.2433,0.0439,0.4723,0.0465,26,20,ok,Poleward-dominant
63.0,81.0,0.002,-0.0496,0.0628,0.0461,323,34,ok,No resolved directional preference
63.0,87.0,0.051,-0.1324,0.2056,0.0273,251,39,ok,No resolved directional preference
63.0,93.0,-0.0035,-0.1741,0.1685,-0.0053,118,33,ok,No resolved directional preference
63.0,99.0,,,,,14,8,too_few_events,Insufficient data
63.0,105.0,,,,,19,8,too_few_events,Insufficient data
63.0,111.0,-0.3796,-0.4622,-0.0167,-0.0952,55,9,ok,Equatorward-dominant
63.0,117.0,0.1546,0.0257,0.2786,-0.1062,40,21,ok,Poleward-dominant
63.0,123.0,,,,,17,12,too_few_events,Insufficient data
63.0,129.0,-0.4247,-0.6326,-0.2579,-0.1183,30,15,ok,Equatorward-dominant
63.0,135.0,-0.1816,-0.3572,0.1964,,33,10,ci_too_wide,Insufficient data
63.0,141.0,-0.0742,-0.1458,0.1354,-0.1052,197,19,ok,No resolved directional preference
63.0,147.0,-0.1336,-0.4528,0.1806,,113,28,ci_too_wide,Insufficient data
63.0,153.0,-0.2899,-0.5615,0.0941,,119,25,ci_too_wide,Insufficient data
63.0,159.0,-0.117,-0.2719,0.0931,-0.0433,1746,33,ok,No resolved directional preference
63.0,165.0,0.04,-0.1085,0.1837,-0.0272,128,43,ok,No resolved directional preference
63.0,171.0,,,,,189,36,polar_imaging_limited,Insufficient data
63.0,177.0,0.0237,-0.0806,0.1453,-0.0066,222,39,ok,No resolved directional preference
69.0,-177.0,0.0449,-0.48,0.1784,-0.032,25,8,ok_sparse_polar,No resolved directional preference
69.0,-171.0,-0.0377,-0.3318,0.0926,-0.0275,23,9,ok_sparse_polar,No resolved directional preference
69.0,-165.0,-0.3347,-0.7011,0.0186,-0.0194,22,6,ok_sparse_polar,No resolved directional preference
69.0,-159.0,0.3111,-0.033,0.4917,-0.0126,37,14,ok_sparse_polar,No resolved directional preference
69.0,-153.0,-0.0379,-0.3052,0.2244,-0.0179,37,9,ok_sparse_polar,No resolved directional preference
69.0,-147.0,,,,,5,4,too_few_events,Insufficient data
69.0,-141.0,,,,,3,2,too_few_events,Insufficient data
69.0,-135.0,-0.277,-0.4543,-0.025,-0.1162,19,7,ok_sparse_polar,Equatorward-dominant
69.0,-129.0,-0.135,-0.4648,0.0833,-0.1203,24,13,ok_sparse_polar,No resolved directional preference
69.0,-123.0,,,,,5,3,too_few_events,Insufficient data
69.0,-117.0,-0.0134,-0.126,0.2496,-0.0784,81,5,ok_sparse_polar,No resolved directional preference
69.0,-111.0,,,,,5,3,too_few_events,Insufficient data
69.0,-105.0,,,,,6,3,too_few_events,Insufficient data
69.0,-99.0,,,,,3,3,too_few_events,Insufficient data
69.0,-93.0,-0.0433,-0.2228,0.0662,-0.0527,41,11,ok_sparse_polar,No resolved directional preference
69.0,-87.0,-0.2867,-0.7468,0.1145,,10,6,ci_too_wide,Insufficient data
69.0,-81.0,,,,,5,4,too_few_events,Insufficient data
69.0,-75.0,-0.1485,-0.4459,0.2327,-0.0248,15,8,ok_sparse_polar,No resolved directional preference
69.0,-69.0,-0.0873,-0.1514,-0.0773,-0.0007,37,2,ok_sparse_polar,Equatorward-dominant
69.0,-63.0,0.2706,-0.2414,0.3707,0.0209,27,5,ok_sparse_polar,No resolved directional preference
69.0,-57.0,,,,,20,2,single_image_dominated,Insufficient data
69.0,-51.0,,,,,4,3,too_few_events,Insufficient data
69.0,-45.0,,,,,3,2,too_few_events,Insufficient data
69.0,-39.0,0.0185,-0.5107,0.079,-0.0326,61,7,ok_sparse_polar,No resolved directional preference
69.0,-33.0,-0.3249,-0.449,-0.1521,-0.0481,29,13,ok_sparse_polar,Equatorward-dominant
69.0,-27.0,,,,,5,5,too_few_events,Insufficient data
69.0,-21.0,0.0929,-0.2265,0.3605,-0.072,23,7,ok_sparse_polar,No resolved directional preference
69.0,-15.0,-0.127,-0.5209,0.2424,-0.0906,35,7,ok_sparse_polar,No resolved directional preference
69.0,-9.0,,,,,5,2,too_few_events,Insufficient data
69.0,-3.0,-0.2589,-0.4961,0.2622,-0.1203,21,6,ok_sparse_polar,No resolved directional preference
69.0,3.0,-0.1128,-0.3238,0.1397,-0.1153,16,9,ok_sparse_polar,No resolved directional preference
69.0,9.0,,,,,9,5,too_few_events,Insufficient data
69.0,15.0,,,,,6,3,too_few_events,Insufficient data
69.0,21.0,0.0877,0.0032,0.2568,-0.0775,198,9,ok_sparse_polar,Poleward-dominant
69.0,27.0,-0.0534,-0.4318,0.408,,24,13,ci_too_wide,Insufficient data
69.0,33.0,-0.3858,-0.5511,-0.246,-0.1003,190,12,ok_sparse_polar,Equatorward-dominant
69.0,39.0,-0.0521,-0.3476,0.0666,-0.1106,41,12,ok_sparse_polar,No resolved directional preference
69.0,45.0,0.1004,-0.164,0.3238,-0.1185,24,12,ok_sparse_polar,No resolved directional preference
69.0,51.0,-0.0661,-0.3387,0.1553,-0.1242,23,10,ok_sparse_polar,No resolved directional preference
69.0,57.0,-0.5147,-0.7309,-0.1537,-0.1255,12,5,ok_sparse_polar,Equatorward-dominant
69.0,63.0,0.0692,-0.1757,0.2734,-0.1207,46,8,ok_sparse_polar,No resolved directional preference
69.0,69.0,-0.1776,-0.3579,0.0655,-0.1122,115,13,ok_sparse_polar,No resolved directional preference
69.0,75.0,,,,,4,4,too_few_events,Insufficient data
69.0,81.0,,,,,3,2,too_few_events,Insufficient data
69.0,87.0,,,,,2,2,too_few_events,Insufficient data
69.0,93.0,-0.2779,-0.41,0.0776,-0.1899,28,6,ok_sparse_polar,No resolved directional preference
69.0,99.0,,,,,3,2,too_few_events,Insufficient data
69.0,105.0,-0.295,-0.5788,0.035,-0.1979,13,8,ok_sparse_polar,No resolved directional preference
69.0,111.0,-0.3047,-0.3974,0.0557,-0.1793,151,17,ok_sparse_polar,No resolved directional preference
69.0,117.0,-0.026,-0.1616,0.0837,-0.1578,107,25,ok_sparse_polar,No resolved directional preference
69.0,123.0,-0.114,-0.2278,0.0064,-0.1413,132,28,ok_sparse_polar,No resolved directional preference
69.0,129.0,-0.0087,-0.284,0.2141,-0.1332,158,21,ok_sparse_polar,No resolved directional preference
69.0,135.0,-0.0067,-0.1164,0.1389,-0.1311,207,35,ok_sparse_polar,No resolved directional preference
69.0,141.0,-0.42,-0.5991,-0.0816,-0.1283,53,17,ok_sparse_polar,Equatorward-dominant
69.0,147.0,0.005,-0.0894,0.4042,-0.1183,20,6,ok_sparse_polar,No resolved directional preference
69.0,153.0,-0.227,-0.4837,0.0909,-0.0996,44,8,ok_sparse_polar,No resolved directional preference
69.0,159.0,-0.0237,-0.2556,0.1769,-0.0757,285,16,ok_sparse_polar,No resolved directional preference
69.0,165.0,0.0158,-0.1465,0.2545,-0.0542,24,10,ok_sparse_polar,No resolved directional preference
69.0,171.0,,,,,3,2,too_few_events,Insufficient data
69.0,177.0,-0.19,-0.5852,0.055,-0.0343,177,16,ok_sparse_polar,No resolved directional preference
75.0,-177.0,-0.5521,-0.7456,0.5616,,17,3,ci_too_wide,Insufficient data
75.0,-171.0,,,,,0,0,too_few_events,Insufficient data
75.0,-165.0,,,,,0,0,too_few_events,Insufficient data
75.0,-159.0,,,,,0,0,too_few_events,Insufficient data
75.0,-153.0,,,,,0,0,too_few_events,Insufficient data
75.0,-147.0,,,,,0,0,too_few_events,Insufficient data
75.0,-141.0,,,,,0,0,too_few_events,Insufficient data
75.0,-135.0,,,,,1,1,too_few_events,Insufficient data
75.0,-129.0,,,,,0,0,too_few_events,Insufficient data
75.0,-123.0,,,,,2,1,too_few_events,Insufficient data
75.0,-117.0,,,,,2,2,too_few_events,Insufficient data
75.0,-111.0,,,,,0,0,too_few_events,Insufficient data
75.0,-105.0,,,,,0,0,too_few_events,Insufficient data
75.0,-99.0,,,,,1,1,too_few_events,Insufficient data
75.0,-93.0,,,,,2,2,too_few_events,Insufficient data
75.0,-87.0,,,,,0,0,too_few_events,Insufficient data
75.0,-81.0,,,,,0,0,too_few_events,Insufficient data
75.0,-75.0,,,,,0,0,too_few_events,Insufficient data
75.0,-69.0,,,,,0,0,too_few_events,Insufficient data
75.0,-63.0,,,,,0,0,too_few_events,Insufficient data
75.0,-57.0,,,,,0,0,too_few_events,Insufficient data
75.0,-51.0,,,,,0,0,too_few_events,Insufficient data
75.0,-45.0,,,,,0,0,too_few_events,Insufficient data
75.0,-39.0,-0.1492,-0.3186,0.0171,-0.0627,18,6,ok_sparse_polar,No resolved directional preference
75.0,-33.0,-0.2535,-0.3869,-0.1488,-0.0584,56,25,ok_sparse_polar,Equatorward-dominant
75.0,-27.0,0.4403,0.2695,0.5765,-0.0686,14,5,ok_sparse_polar,Poleward-dominant
75.0,-21.0,,,,,0,0,too_few_events,Insufficient data
75.0,-15.0,-0.2475,-0.47,-0.1169,-0.1412,8,3,ok_sparse_polar,Equatorward-dominant
75.0,-9.0,-0.4616,-0.5732,-0.3554,-0.1764,37,15,ok_sparse_polar,Equatorward-dominant
75.0,-3.0,,,,,1,1,too_few_events,Insufficient data
75.0,3.0,,,,,8,1,too_few_images,Insufficient data
75.0,9.0,0.0272,-0.0724,0.525,-0.1221,6,2,ok_sparse_polar,No resolved directional preference
75.0,15.0,,,,,1,1,too_few_events,Insufficient data
75.0,21.0,,,,,1,1,too_few_events,Insufficient data
75.0,27.0,,,,,11,1,too_few_images,Insufficient data
75.0,33.0,,,,,2,2,too_few_events,Insufficient data
75.0,39.0,,,,,0,0,too_few_events,Insufficient data
75.0,45.0,-0.5591,-0.7297,-0.4495,-0.3408,6,4,ok_sparse_polar,Equatorward-dominant
75.0,51.0,,,,,4,2,too_few_events,Insufficient data
75.0,57.0,,,,,0,0,too_few_events,Insufficient data
75.0,63.0,,,,,0,0,too_few_events,Insufficient data
75.0,69.0,,,,,0,0,too_few_events,Insufficient data
75.0,75.0,,,,,0,0,too_few_events,Insufficient data
75.0,81.0,,,,,2,2,too_few_events,Insufficient data
75.0,87.0,,,,,3,1,too_few_events,Insufficient data
75.0,93.0,,,,,0,0,too_few_events,Insufficient data
75.0,99.0,,,,,2,1,too_few_events,Insufficient data
75.0,105.0,,,,,1,1,too_few_events,Insufficient data
75.0,111.0,,,,,4,2,too_few_events,Insufficient data
75.0,117.0,-0.4315,-0.8399,0.0795,,13,6,ci_too_wide,Insufficient data
75.0,123.0,-0.4137,-0.587,-0.1683,-0.2406,30,9,ok_sparse_polar,Equatorward-dominant
75.0,129.0,-0.1791,-0.3952,0.0444,-0.2267,23,5,ok_sparse_polar,No resolved directional preference
75.0,135.0,,,,,0,0,too_few_events,Insufficient data
75.0,141.0,,,,,2,2,too_few_events,Insufficient data
75.0,147.0,,,,,2,2,too_few_events,Insufficient data
75.0,153.0,,,,,0,0,too_few_events,Insufficient data
75.0,159.0,,,,,0,0,too_few_events,Insufficient data
75.0,165.0,0.095,-0.1237,0.3042,0.1371,65,13,ok_sparse_polar,No resolved directional preference
75.0,171.0,,,,,1,1,too_few_events,Insufficient data
75.0,177.0,0.5084,0.4422,0.5741,0.2018,17,4,ok_sparse_polar,Poleward-dominant
81.0,-177.0,,,,,0,0,too_few_events,Insufficient data
81.0,-171.0,,,,,0,0,too_few_events,Insufficient data
81.0,-165.0,,,,,0,0,too_few_events,Insufficient data
81.0,-159.0,,,,,0,0,too_few_events,Insufficient data
81.0,-153.0,,,,,0,0,too_few_events,Insufficient data
81.0,-147.0,,,,,0,0,too_few_events,Insufficient data
81.0,-141.0,,,,,0,0,too_few_events,Insufficient data
81.0,-135.0,,,,,0,0,too_few_events,Insufficient data
81.0,-129.0,,,,,0,0,too_few_events,Insufficient data
81.0,-123.0,,,,,0,0,too_few_events,Insufficient data
81.0,-117.0,,,,,0,0,too_few_events,Insufficient data
81.0,-111.0,,,,,0,0,too_few_events,Insufficient data
81.0,-105.0,,,,,0,0,too_few_events,Insufficient data
81.0,-99.0,,,,,0,0,too_few_events,Insufficient data
81.0,-93.0,,,,,0,0,too_few_events,Insufficient data
81.0,-87.0,,,,,0,0,too_few_events,Insufficient data
81.0,-81.0,,,,,0,0,too_few_events,Insufficient data
81.0,-75.0,,,,,0,0,too_few_events,Insufficient data
81.0,-69.0,,,,,0,0,too_few_events,Insufficient data
81.0,-63.0,,,,,0,0,too_few_events,Insufficient data
81.0,-57.0,,,,,0,0,too_few_events,Insufficient data
81.0,-51.0,,,,,0,0,too_few_events,Insufficient data
81.0,-45.0,,,,,0,0,too_few_events,Insufficient data
81.0,-39.0,,,,,0,0,too_few_events,Insufficient data
81.0,-33.0,,,,,0,0,too_few_events,Insufficient data
81.0,-27.0,,,,,0,0,too_few_events,Insufficient data
81.0,-21.0,,,,,0,0,too_few_events,Insufficient data
81.0,-15.0,,,,,0,0,too_few_events,Insufficient data
81.0,-9.0,,,,,0,0,too_few_events,Insufficient data
81.0,-3.0,,,,,0,0,too_few_events,Insufficient data
81.0,3.0,,,,,0,0,too_few_events,Insufficient data
81.0,9.0,,,,,0,0,too_few_events,Insufficient data
81.0,15.0,,,,,0,0,too_few_events,Insufficient data
81.0,21.0,,,,,0,0,too_few_events,Insufficient data
81.0,27.0,,,,,0,0,too_few_events,Insufficient data
81.0,33.0,,,,,0,0,too_few_events,Insufficient data
81.0,39.0,,,,,0,0,too_few_events,Insufficient data
81.0,45.0,,,,,0,0,too_few_events,Insufficient data
81.0,51.0,,,,,0,0,too_few_events,Insufficient data
81.0,57.0,,,,,0,0,too_few_events,Insufficient data
81.0,63.0,,,,,0,0,too_few_events,Insufficient data
81.0,69.0,,,,,0,0,too_few_events,Insufficient data
81.0,75.0,,,,,0,0,too_few_events,Insufficient data
81.0,81.0,,,,,0,0,too_few_events,Insufficient data
81.0,87.0,,,,,0,0,too_few_events,Insufficient data
81.0,93.0,,,,,0,0,too_few_events,Insufficient data
81.0,99.0,,,,,0,0,too_few_events,Insufficient data
81.0,105.0,,,,,0,0,too_few_events,Insufficient data
81.0,111.0,,,,,0,0,too_few_events,Insufficient data
81.0,117.0,,,,,0,0,too_few_events,Insufficient data
81.0,123.0,,,,,0,0,too_few_events,Insufficient data
81.0,129.0,,,,,0,0,too_few_events,Insufficient data
81.0,135.0,,,,,0,0,too_few_events,Insufficient data
81.0,141.0,,,,,0,0,too_few_events,Insufficient data
81.0,147.0,,,,,0,0,too_few_events,Insufficient data
81.0,153.0,,,,,0,0,too_few_events,Insufficient data
81.0,159.0,,,,,0,0,too_few_events,Insufficient data
81.0,165.0,,,,,0,0,too_few_events,Insufficient data
81.0,171.0,,,,,0,0,too_few_events,Insufficient data
81.0,177.0,,,,,0,0,too_few_events,Insufficient data
87.0,-177.0,,,,,0,0,too_few_events,Insufficient data
87.0,-171.0,,,,,0,0,too_few_events,Insufficient data
87.0,-165.0,,,,,0,0,too_few_events,Insufficient data
87.0,-159.0,,,,,0,0,too_few_events,Insufficient data
87.0,-153.0,,,,,0,0,too_few_events,Insufficient data
87.0,-147.0,,,,,0,0,too_few_events,Insufficient data
87.0,-141.0,,,,,0,0,too_few_events,Insufficient data
87.0,-135.0,,,,,0,0,too_few_events,Insufficient data
87.0,-129.0,,,,,0,0,too_few_events,Insufficient data
87.0,-123.0,,,,,0,0,too_few_events,Insufficient data
87.0,-117.0,,,,,0,0,too_few_events,Insufficient data
87.0,-111.0,,,,,0,0,too_few_events,Insufficient data
87.0,-105.0,,,,,0,0,too_few_events,Insufficient data
87.0,-99.0,,,,,0,0,too_few_events,Insufficient data
87.0,-93.0,,,,,0,0,too_few_events,Insufficient data
87.0,-87.0,,,,,0,0,too_few_events,Insufficient data
87.0,-81.0,,,,,0,0,too_few_events,Insufficient data
87.0,-75.0,,,,,0,0,too_few_events,Insufficient data
87.0,-69.0,,,,,0,0,too_few_events,Insufficient data
87.0,-63.0,,,,,0,0,too_few_events,Insufficient data
87.0,-57.0,,,,,0,0,too_few_events,Insufficient data
87.0,-51.0,,,,,0,0,too_few_events,Insufficient data
87.0,-45.0,,,,,0,0,too_few_events,Insufficient data
87.0,-39.0,,,,,0,0,too_few_events,Insufficient data
87.0,-33.0,,,,,0,0,too_few_events,Insufficient data
87.0,-27.0,,,,,0,0,too_few_events,Insufficient data
87.0,-21.0,,,,,0,0,too_few_events,Insufficient data
87.0,-15.0,,,,,0,0,too_few_events,Insufficient data
87.0,-9.0,,,,,0,0,too_few_events,Insufficient data
87.0,-3.0,,,,,0,0,too_few_events,Insufficient data
87.0,3.0,,,,,0,0,too_few_events,Insufficient data
87.0,9.0,,,,,0,0,too_few_events,Insufficient data
87.0,15.0,,,,,0,0,too_few_events,Insufficient data
87.0,21.0,,,,,0,0,too_few_events,Insufficient data
87.0,27.0,,,,,0,0,too_few_events,Insufficient data
87.0,33.0,,,,,0,0,too_few_events,Insufficient data
87.0,39.0,,,,,0,0,too_few_events,Insufficient data
87.0,45.0,,,,,0,0,too_few_events,Insufficient data
87.0,51.0,,,,,0,0,too_few_events,Insufficient data
87.0,57.0,,,,,0,0,too_few_events,Insufficient data
87.0,63.0,,,,,0,0,too_few_events,Insufficient data
87.0,69.0,,,,,0,0,too_few_events,Insufficient data
87.0,75.0,,,,,0,0,too_few_events,Insufficient data
87.0,81.0,,,,,0,0,too_few_events,Insufficient data
87.0,87.0,,,,,0,0,too_few_events,Insufficient data
87.0,93.0,,,,,0,0,too_few_events,Insufficient data
87.0,99.0,,,,,0,0,too_few_events,Insufficient data
87.0,105.0,,,,,0,0,too_few_events,Insufficient data
87.0,111.0,,,,,0,0,too_few_events,Insufficient data
87.0,117.0,,,,,0,0,too_few_events,Insufficient data
87.0,123.0,,,,,0,0,too_few_events,Insufficient data
87.0,129.0,,,,,0,0,too_few_events,Insufficient data
87.0,135.0,,,,,0,0,too_few_events,Insufficient data
87.0,141.0,,,,,0,0,too_few_events,Insufficient data
87.0,147.0,,,,,0,0,too_few_events,Insufficient data
87.0,153.0,,,,,0,0,too_few_events,Insufficient data
87.0,159.0,,,,,0,0,too_few_events,Insufficient data
87.0,165.0,,,,,0,0,too_few_events,Insufficient data
87.0,171.0,,,,,0,0,too_few_events,Insufficient data
87.0,177.0,,,,,0,0,too_few_events,Insufficient data

"# Sheet 2: zonal profile (raw high-quality events, 6 deg bins)."
lat_center,mean_poleward,ci_low,ci_high,n_events,residual_regime
-87.0,,,,0,
-81.0,,,,0,
-75.0,-0.2405,-0.2957,-0.1852,243,equatorward
-69.0,-0.1248,-0.1363,-0.1132,8334,equatorward
-63.0,0.1093,0.1003,0.1183,15341,poleward
-57.0,0.0759,0.0674,0.0843,19273,poleward
-51.0,0.1091,0.1007,0.1175,19847,poleward
-45.0,0.1238,0.1154,0.1321,21511,poleward
-39.0,0.0936,0.0846,0.1027,20869,poleward
-33.0,0.0349,0.0265,0.0433,26607,poleward
-27.0,0.0826,0.0735,0.0916,25984,poleward
-21.0,0.1027,0.0935,0.1119,26653,poleward
-15.0,0.134,0.1235,0.1445,20153,poleward
-9.0,0.0284,0.018,0.0389,21641,no-resolved
-3.0,0.0699,0.0585,0.0813,18154,poleward
3.0,-0.0129,-0.0252,-0.0006,15777,no-resolved
9.0,0.0565,0.0434,0.0696,13369,poleward
15.0,0.0734,0.06,0.0868,13424,poleward
21.0,0.0798,0.0651,0.0946,9583,poleward
27.0,0.1111,0.0968,0.1253,10264,poleward
33.0,0.0468,0.0359,0.0576,14539,poleward
39.0,0.0409,0.0315,0.0503,19203,poleward
45.0,0.0831,0.0769,0.0893,41603,poleward
51.0,0.039,0.0329,0.0451,41119,poleward
57.0,0.0741,0.0653,0.0829,18993,poleward
63.0,-0.0418,-0.053,-0.0305,10652,equatorward
69.0,-0.0965,-0.115,-0.078,2754,equatorward
75.0,-0.1849,-0.2395,-0.1303,363,equatorward
81.0,,,,0,
87.0,,,,0,
